title,author,publisher,publication_date,discount,price
藝術超乎想像的力量,"艾薇．羅斯,蘇珊．麥格薩曼",究竟,2024-05-01,79,347
藝術超乎想像的力量 (電子書),"艾薇．羅斯,蘇珊．麥格薩曼",究竟,2024-05-01,,277
拯救未來的我：減少後悔、提升行動力的自我調節心理學,邊池盈,究竟,2024-04-01,79,268
拯救未來的我：減少後悔、提升行動力的自我調節心理學 (電子書),邊池盈,究竟,2024-04-01,88,209
改變學習方式，就能改變人生：價值3600萬的超效學習法,望月俊孝,究竟,2024-03-01,79,276
思考更敏捷，說話更機智：史丹佛MBA必修溝通課,麥特．亞伯拉罕,究竟,2024-03-01,79,308
思考更敏捷，說話更機智：史丹佛MBA必修溝通課 (電子書),麥特．亞伯拉罕,究竟,2024-03-01,88,240
改變學習方式，就能改變人生：價值3600萬的超效學習法 (電子書),望月俊孝,究竟,2024-03-01,88,215
脆弱卻驚人的內在力量：IFS創始人用三個練習，帶你化解過去的傷與現在的苦,里查．史華茲,究竟,2024-02-01,79,252
脆弱卻驚人的內在力量：IFS創始人用三個練習，帶你化解過去的傷與現在的苦 (電子書),里查．史華茲,究竟,2024-02-01,88,197
我的日本爸爸,吳小帽,究竟,2024-01-01,79,292
我的日本爸爸 (電子書),吳小帽,究竟,2024-01-01,88,227
Good Inside教養逆思維：看見孩子脫序行為中的內在需求,貝琪・甘迺迪,究竟,2024-01-01,79,292
我這樣找到人生的答案：「駱駝-獅子-小孩」三階段讀得不一樣人生,高明煥,究竟,2024-01-01,79,276
Good Inside教養逆思維：看見孩子脫序行為中的內在需求 (電子書),貝琪・甘迺迪,究竟,2024-01-01,88,227
我這樣找到人生的答案：「駱駝-獅子-小孩」三階段讀得不一樣人生 (電子書),高明煥,究竟,2024-01-01,88,215
半小時漫畫中國史4：一到宋元，梗就撲面而來!,陳磊（二混子）,究竟,2023-12-01,9,324
半小時漫畫中國史5：明清大亂鬥，笑著笑著就亡了,陳磊（二混子）,究竟,2023-12-01,9,324
如果春秋戰國是個班級：半小時漫畫中國史 (電子書),二混子,究竟,2023-12-01,88,178
半小時漫畫中國史2：兩漢魏晉很有事 (電子書),陳磊（二混子）,究竟,2023-12-01,88,197
半小時漫畫中國史3：隋唐盛世多風雲 (電子書),陳磊（二混子）,究竟,2023-12-01,88,197
半小時漫畫中國史4：一到宋元，梗就撲面而來! (電子書),陳磊（二混子）,究竟,2023-12-01,88,220
半小時漫畫中國史5：明清大亂鬥，笑着笑着就亡了 (電子書),陳磊（二混子）,究竟,2023-12-01,88,220
不當世界的局外人：當世界充滿變數，你需要不被帶風向的國際識讀力,敏迪,究竟,2023-12-01,79,276
不當世界的局外人：當世界充滿變數，你需要不被帶風向的國際識讀力 (電子書),敏迪,究竟,2023-12-01,88,215
重啟人生的17個練習【薩提爾推手李崇建力薦】,羅志仲,究竟,2023-11-01,79,284
佛洛伊德的椅子：化解內在衝突，隨身必備的情緒調節書,鄭道彥,究竟,2023-11-01,79,300
重啟人生的17個練習【薩提爾推手李崇建力薦】 (電子書),羅志仲,究竟,2023-11-01,88,220
佛洛伊德的椅子：化解內在衝突，隨身必備的情緒調節書 (電子書),鄭道彥,究竟,2023-11-01,88,234
可讀、可想、可互動的歷史啓蒙書,伊恩．道森,究竟,2023-09-01,9,306
可讀、可想、可互動的歷史啓蒙書 (電子書),伊恩．道森,究竟,2023-09-01,88,209
火箭老媽，烏龜老爸：我家，或許也是你家的故事,街頭故事 李白,究竟,2023-09-01,79,323
火箭老媽，烏龜老爸：我家，或許也是你家的故事 (電子書),街頭故事 李白,究竟,2023-09-01,88,252
Me Time：兼顧工作和生活的時間管理術,池田千恵,究竟,2023-08-01,9,288
秒懂過動與自閉的內心世界,岩瀨利郎,究竟,2023-08-01,79,252
秒懂過動與自閉的內心世界 (電子書),岩瀨利郎,究竟,2023-08-01,88,197
Me Time：兼顧工作和生活的時間管理術 (電子書),池田千恵,究竟,2023-08-01,88,197
此人進廠維修中!：為心靈放個小假，安頓複雜的情緒 (電子書),陳志恆,究竟,2023-07-01,88,154
箱庭世界史：俯瞰107個重大歷史事件，快速建立國際觀,田中正人,究竟,2023-07-01,9,378
箱庭世界史：俯瞰107個重大歷史事件，快速建立國際觀 (電子書),田中正人,究竟,2023-07-01,88,258
【全球暢銷360萬本慶功版】不生病的生活：新谷飲食法，全美首席胃腸科醫師的健康秘訣 (電子書),新谷弘實,究竟,2023-06-01,88,141
理性生活【暢銷60年!理情行為療法經典】：教你打破慣性，改寫自己的人生故事,"亞伯．艾里斯,羅伯特．哈珀",究竟,2023-06-01,79,395
理性生活【暢銷60年!理情行為療法經典】：教你打破慣性，改寫自己的人生故事 (電子書),"亞伯．艾里斯,羅伯特．哈珀",究竟,2023-06-01,88,308
女醫師教你真正愉悅的性愛【暢銷珍藏版】(附成人漫畫家春輝的精美插畫書衣海報),宋美玄,究竟,2023-05-01,9,306
女醫師教你真正愉悅的性愛【暢銷珍藏版】(電子書收錄成人漫畫家春輝的精美插畫) (電子書),宋美玄,究竟,2023-05-01,,238
和古代學霸擊個掌：大叔可以成偶像，小混混可以成良將，學習就是最好的翻身術,急腳大師,究竟,2023-04-01,9,306
和古代學霸擊個掌：大叔可以成偶像，小混混可以成良將，學習就是最好的翻身術 (電子書),急腳大師,究竟,2023-03-30,,238
一日看盡長安花：大唐沉浸式生活體驗,覃宜明,究竟,2023-03-01,9,324
一日看盡長安花：大唐沉浸式生活體驗 (電子書),覃宜明,究竟,2023-02-23,,250
莫莉的心靈探索之旅：看見自己內在的寶藏，世界就此改變了!,安娜．卡蜜拉．庫普卡,究竟,2023-02-01,9,270
莫莉的心靈探索之旅：看見自己內在的寶藏，世界就此改變了! (電子書),安娜．卡蜜拉．庫普卡,究竟,2023-01-18,,210
人善被犬欺：如何得到尊重、畫下界線，贏得你應有的成功(附「人太好」檢測),馬丁．維爾勒,究竟,2023-01-01,7,315
人善被犬欺：如何得到尊重、畫下界線，贏得你應有的成功(附「人太好」檢測) (電子書),馬丁．維爾勒,究竟,2023-01-01,,315
陪伴心理學,黃士鈞（哈克）,究竟,2022-12-01,79,284
陪伴心理學 (電子書),黃士鈞（哈克）,究竟,2022-12-01,,250
厭世讀論語：千年名師神回覆，開解你的人生疑難,厭世國文老師,究竟,2022-11-01,79,268
厭世讀論語：千年名師神回覆，開解你的人生疑難 (電子書),厭世國文老師,究竟,2022-11-01,,238
守密：祕密心理學的第一本書!那些藏著不說的，如何影響你的健康與未來,麥可．史萊平恩,究竟,2022-10-01,7,259
獨立鍛造：一生受益的自我心理學，重新領悟生命八大任務，邁向圓滿,蘇絢慧,究竟,2022-10-01,79,292
獨立鍛造：一生受益的自我心理學，重新領悟生命八大任務，邁向圓滿 (電子書),蘇絢慧,究竟,2022-10-01,,259
守密：祕密心理學的第一本書!那些藏著不說的，如何影響你的健康與未來 (電子書),麥可．史萊平恩,究竟,2022-10-01,,259
社群故事圈粉術：將流量變現，讓興趣為你工作,街頭故事 李白,究竟,2022-09-01,66,283
社群故事圈粉術：將流量變現，讓興趣為你工作【獨家收錄全新專文】 (電子書),街頭故事 李白,究竟,2022-09-01,,301
你的大腦有點Blue：史上最舒適年代，為什麼還是焦慮不安?,安德斯・韓森,究竟,2022-09-01,7,224
你的大腦有點Blue：史上最舒適年代，為什麼還是焦慮不安? (電子書),安德斯・韓森,究竟,2022-09-01,,224
先別急著挑戰人性：20個經典心理實驗，帶你認識自己，人生不踩雷,潘楷文,究竟,2022-08-01,7,266
先別急著挑戰人性：20個經典心理實驗，帶你認識自己，人生不踩雷 (電子書),潘楷文,究竟,2022-08-01,,266
量子思考：跳脫常識，在沒有答案的世界裡找到自己的路,村上憲郎,究竟,2022-07-01,9,315
當牧師精神崩潰了：心理受創時，這樣找到救贖之道,沼田和也,究竟,2022-07-01,7,217
量子思考：跳脫常識，在沒有答案的世界裡找到自己的路 (電子書),村上憲郎,究竟,2022-07-01,,245
當牧師精神崩潰了：心理受創時，這樣找到救贖之道 (電子書),沼田和也,究竟,2022-07-01,,217
世界已經回不去了，學會放棄才有轉機,澤圓,究竟,2022-06-01,9,297
世界已經回不去了，學會放棄才有轉機 (電子書),澤圓,究竟,2022-06-01,,231
海獅說歐洲王室羅曼死,神奇海獅,究竟,2022-06-01,9,306
海獅說歐洲王室羅曼死 (電子書),神奇海獅,究竟,2022-06-01,,238
灰日記：生命縱有摺痕，也要活出你的高級灰,歐北,究竟,2022-05-01,9,306
灰日記：生命縱有摺痕，也要活出你的高級灰 (電子書),歐北,究竟,2022-05-01,,238
取材.執筆.推敲：《被討厭的勇氣》作者直授，最全面的寫作指南,古賀史健,究竟,2022-05-01,79,402
取材.執筆.推敲：《被討厭的勇氣》作者直授，最全面的寫作指南 (電子書),古賀史健,究竟,2022-05-01,,357
天堂的證明：一位哈佛神經外科權威醫生的瀕死體驗,伊本．亞歷山大,究竟,2022-04-01,79,252
天堂的證明：一位哈佛神經外科權威醫生的瀕死體驗 (電子書),伊本．亞歷山大,究竟,2022-04-01,,224
全球人才搶著學!密涅瓦的思考習慣訓練,"劉劭穎,李佳達,黃禮宏",究竟,2022-04-01,9,315
全球人才搶著學!密涅瓦的思考習慣訓練 (電子書),"劉劭穎,李佳達,黃禮宏",究竟,2022-04-01,,245
承認內在脆弱，使你溫柔又強大,片田智也,究竟,2022-03-01,9,261
承認內在脆弱，使你溫柔又強大 (電子書),片田智也,究竟,2022-03-01,,203
沒有不好的你：風行全球的內在家庭系統IFS，徹底翻轉你我的生命,里查．史華茲,究竟,2022-03-01,79,276
沒有不好的你：風行全球的內在家庭系統IFS，徹底翻轉你我的生命 (電子書),里查．史華茲,究竟,2022-03-01,,245
世界史是化學寫成的：從玻璃到手機，從肥料到炸藥，保證有趣的化學入門,左卷健男,究竟,2022-02-01,79,308
世界史是化學寫成的：從玻璃到手機，從肥料到炸藥，保證有趣的化學入門 (電子書),左卷健男,究竟,2022-02-01,,273
創傷療癒手冊：不被往事定義，走出複雜性創傷後壓力症候群C-PTSD,艾瑞爾．許瓦茲,究竟,2022-01-01,9,342
創傷療癒手冊：不被往事定義，走出複雜性創傷後壓力症候群C-PTSD (電子書),艾瑞爾．許瓦茲,究竟,2022-01-01,,266
拯救手機腦：每天5分鐘，終結數位焦慮，找回快樂與專注力,安德斯・韓森,究竟,2022-01-01,79,244
拯救手機腦：每天5分鐘，終結數位焦慮，找回快樂與專注力 (電子書),安德斯・韓森,究竟,2022-01-01,,217
生命勝任力：東方心教練向內修練、向外實現10大基本功,阮橞習Eva,究竟,2021-12-01,9,261
每個器官都在訴說愛：最撩心的解剖學,手拉心 Solaxin,究竟,2021-12-01,9,261
每個器官都在訴說愛：最撩心的解剖學 (電子書),手拉心 Solaxin,究竟,2021-12-01,,203
生命勝任力：東方心教練向內修練、向外實現10大基本功 (電子書),阮橞習Eva,究竟,2021-12-01,,203
小心，原來這樣也有事!：腦洞大律師雷丘的生活法律常識與對策,雷丘律師,究竟,2021-11-01,9,288
書頁中的永恆：書籍的歷史與流轉之路,伊琳娜‧瓦耶荷,究竟,2021-11-01,79,442
小心，原來這樣也有事!：腦洞大律師雷丘的生活法律常識與對策 (電子書),雷丘律師,究竟,2021-11-01,,224
書頁中的永恆：書籍的歷史與流轉之路 (電子書),伊琳娜‧瓦耶荷,究竟,2021-11-01,,392
奇蹟開關：改變生命，掙脫束縛，讓想像力、創造力源源不絕,哈利斯三世,究竟,2021-10-01,9,297
奇蹟開關：改寫生命，掙脫束縛，讓想像力、創造力源源不絕 (電子書),哈利斯三世,究竟,2021-10-01,,231
如果世界是一場派對,街頭故事 李白,究竟,2021-10-01,7,280
如果世界是一場派對 (電子書),街頭故事 李白,究竟,2021-10-01,,280
怎麼就邊緣了呢?：肉蟻的歷史邊緣人檔案【加贈「一席之地」書角書籤】,肉蟻小姐,究竟,2021-09-01,9,387
寫給每個人的書法課：從看懂到會寫，提升素養與美學力,林曦,究竟,2021-09-01,9,378
怎麼就邊緣了呢?：肉蟻的歷史邊緣人檔案 (電子書),肉蟻小姐,究竟,2021-09-01,,301
寫給每個人的書法課：從看懂到會寫，提升素養與美學力 (電子書),林曦,究竟,2021-09-01,,294
人生關鍵字：僧侶、醫師與哲學家的智慧探索,"亞歷山大．喬連安,克里斯多福．安得烈,馬修．李卡德",究竟,2021-08-01,9,378
人生關鍵字：僧侶、醫師與哲學家的智慧探索 (電子書),"亞歷山大．喬連安,克里斯多福．安得烈,馬修．李卡德",究竟,2021-08-01,,294
一日如一生的愛,Charles,究竟,2021-08-01,9,333
一日如一生的愛 (電子書),Charles,究竟,2021-08-01,,259
駭客思維：抓出生活中的不合理，優化你的人生,小約瑟夫．雷格爾,究竟,2021-07-01,9,324
思考整理學：最多東大生、京大生讀過的一本書!,外山滋比古,究竟,2021-07-01,9,288
駭客思維：抓出生活中的不合理，優化你的人生 (電子書),小約瑟夫．雷格爾,究竟,2021-07-01,,250
思考整理學：最多東大生、京大生讀過的一本書! (電子書),外山滋比古,究竟,2021-07-01,,224
清理你的心理雜訊：10個降噪練習，使你不再自卑、自責、自憐,山根洋士,究竟,2021-06-01,79,244
清理你的心理雜訊：10個降噪練習，使你不再自卑、自責、自憐 (電子書),山根洋士,究竟,2021-06-01,,217
鬼滅之刃心理學：打造強韌內在的38個法則,井島由佳,究竟,2021-05-01,9,252
鬼滅之刃心理學：打造強韌內在的38個法則 (電子書),井島由佳,究竟,2021-05-01,,196
半神：安住亂世、活出神性的30個生命基礎課,熊仁謙,究竟,2021-04-23,9,270
半神：安住亂世、活出神性的30個生命基礎課 (電子書),熊仁謙,究竟,2021-04-23,,210
信任溝通：全球頂尖心理學家解讀人心的四種方法,"勞倫斯．艾利森,愛蜜麗．艾利森",究竟,2021-04-01,9,351
信任溝通：全球頂尖心理學家解讀人心的四種方法 (電子書),"勞倫斯．艾利森,愛蜜麗．艾利森",究竟,2021-04-01,,273
你的心，就讓植物來療癒：劍橋出身的心理師帶你以自然與園藝，穩定內在、修復創傷,蘇・史都華－史密斯,究竟,2021-04-01,79,339
你的心，就讓植物來療癒：劍橋出身的心理師帶你以自然與園藝，穩定內在、修復創傷 (電子書),蘇・史都華－史密斯,究竟,2021-04-01,,301
你不需治療，只需說出口：心理師和那群拯救我的人,克莉絲蒂・塔特,究竟,2021-03-03,7,273
你不需治療，只需說出口：心理師和那群拯救我的人 (電子書),克莉絲蒂・塔特,究竟,2021-03-03,,273
上游思維：在問題發生前解決的根治之道,丹．希思,究竟,2021-03-03,9,342
上游思維：在問題發生前解決的根治之道 (電子書),丹．希思,究竟,2021-03-03,,266
穩：學會接住自己，為不安人生解套的4堂課,加藤諦三,究竟,2021-02-01,7,203
穩：學會接住自己，為不安人生解套的4堂課 (電子書),加藤諦三,究竟,2021-02-01,,203
任何人都適用的完美學習法 (電子書),"申榮俊,高榮成",究竟,2021-01-01,,280
自信的躍進：不再恐懼、退縮、焦慮的關鍵 (電子書),沙爾．貝班,究竟,2021-01-01,,196
任何人都適用的完美學習法,"申榮俊,高榮成",究竟,2021-01-01,9,360
自信的躍進：不再恐懼、退縮、焦慮的關鍵,沙爾．貝班,究竟,2021-01-01,9,252
遇見完形的我：用覺察、選擇、責任與自己和好，解鎖人生難題 (電子書),曹中瑋,究竟,2020-12-01,,250
遇見完形的我：用覺察、選擇、責任與自己和好，解鎖人生難題,曹中瑋,究竟,2020-12-01,79,284
文青這種生物，自古就有：17段隱藏在史籍和作品背後的奇葩人生,江仲淵,究竟,2020-12-01,9,279
文青這種生物，自古就有：17段隱藏在史籍和作品背後的奇葩人生 (電子書),江仲淵,究竟,2020-12-01,,217
像火箭科學家一樣思考：9大策略，翻轉你的事業與人生,歐贊‧瓦羅,究竟,2020-11-01,9,405
厭世國文教室：古文青生涯檔案,厭世國文老師,究竟,2020-11-01,79,268
厭世國文教室：古文青生涯檔案 (電子書),厭世國文老師,究竟,2020-11-01,,238
像火箭科學家一樣思考：9大策略，翻轉你的事業與人生 (電子書),歐贊‧瓦羅,究竟,2020-11-01,,315
哲學與宗教全史：人類三千年的思考之旅 (電子書),出口治明,究竟,2020-10-01,,301
哲學與宗教全史：人類三千年的思考之旅,出口治明,究竟,2020-10-01,9,387
內疚清理練習：寫給經常苛責自己的你,伊麗絲‧桑德,究竟,2020-10-01,79,237
內疚清理練習：寫給經常苛責自己的你 (電子書),伊麗絲‧桑德,究竟,2020-10-01,,210
人生賽局：我如何學習專注、掌握先機、贏得勝利,瑪莉亞．柯妮可娃,究竟,2020-09-01,9,333
人生賽局：我如何學習專注、掌握先機、贏得勝利 (電子書),瑪莉亞．柯妮可娃,究竟,2020-09-01,,259
了不起的我：0到99歲適用，自我發展的心理學,陳海賢,究竟,2020-08-01,9,306
有病的其實是我媽，卻要我去諮商：寫給青少年和家長的心理圖文書,"大衛・古席翁,穆佐",究竟,2020-08-01,79,237
有病的其實是我媽，卻要我去諮商：寫給青少年和家長的心理圖文書 (電子書),"大衛・古席翁,穆佐",究竟,2020-08-01,,210
象與騎象人：全球百大思想家的正向心理學經典,強納森．海德,究竟,2020-07-01,79,308
奇蹟公式：我三星期從半身不遂中站起，一年抗癌成功，從破產到財富自由的關鍵,哈爾．埃爾羅德,究竟,2020-07-01,9,288
象與騎象人：全球百大思想家的正向心理學經典 (電子書),強納森．海德,究竟,2020-07-01,,273
奇蹟公式：我三星期從半身不遂中站起，一年抗癌成功，從破產到財富自由的關鍵 (電子書),哈爾．埃爾羅德,究竟,2020-07-01,,224
獅子吃素的那一天：如何搞定強勢的人? (電子書),拉斐爾．喬丹奴,究竟,2020-06-01,,266
獅子吃素的那一天：如何搞定強勢的人?,拉斐爾．喬丹奴,究竟,2020-06-01,9,342
文章寫得又快又好，九宮格寫作術,山口拓朗,究竟,2020-06-01,79,221
文章寫得又快又好，九宮格寫作術 (電子書),山口拓朗,究竟,2020-06-01,,196
就算腦子一片空白，也能說出花來：5天學會即思即說力 (電子書),Hikita Yoshiaki,究竟,2020-05-05,,203
就算腦子一片空白，也能說出花來： 5天學會即思即說力,Hikita Yoshiaki,究竟,2020-05-01,66,191
真正的快樂處方：瑞典國民書!腦科學實證的健康生活提案,安德斯・韓森,究竟,2020-05-01,9,306
真正的快樂處方：瑞典國民書!腦科學實證的健康生活提案 (電子書),安德斯・韓森,究竟,2020-05-01,,238
理智斷線：不暴走，不傷人，最科學的有益發怒法,中野信子,究竟,2020-04-01,7,189
創傷照管：照顧別人的你，更要留意自己的傷,"康妮．柏克,蘿拉．李普斯基",究竟,2020-04-01,79,292
創傷照管：照顧別人的你，更要留意自己的傷 (電子書),"康妮．柏克,蘿拉．李普斯基",究竟,2020-04-01,,259
聖經視覺解析百科：一目了然看懂神的話,"喬伊．舒瓦茲,喬許．拜爾斯,提姆．夏利",究竟,2020-03-01,9,378
聖經視覺解析百科：一目了然看懂神的話 (電子書),"喬伊．舒瓦茲,喬許．拜爾斯,提姆．夏利",究竟,2020-03-01,,294
總覺得自己沒那麼好?：一位實習醫師的冒牌者症候群實錄 (電子書),克萊兒．勒芒,究竟,2020-02-01,,203
總覺得自己沒那麼好?：一位實習醫師的冒牌者症候群實錄,克萊兒．勒芒,究竟,2020-02-01,7,203
【圖解】狡猾的讀書法：應考必備!改變順序，短時間考出好成績,佐藤大和,究竟,2020-02-01,79,213
圖解 狡猾的讀書法：應考必備!改變順序，短時間考出好成績 (電子書),佐藤大和,究竟,2020-02-01,,189
求善：臺大哲學教授的斯多噶生活講堂,苑舉正,究竟,2020-01-01,9,270
正念溝通：在衝突、委屈、情緒勒索場景下說出真心話,奧朗‧傑‧舒佛,究竟,2020-01-01,79,276
求善：臺大哲學教授的斯多噶生活講堂 (電子書),苑舉正,究竟,2020-01-01,,210
衣櫥醫生，帶你走入對的人生,賴庭荷,究竟,2019-12-01,9,315
就這麼簡單!30個小練習，讓生命大翻轉：NLP工具箱,安一心,究竟,2019-12-01,9,243
衣櫥醫生，帶你走入對的人生 (電子書),賴庭荷,究竟,2019-12-01,,245
就這麼簡單!30個小練習，讓生命大翻轉：NLP工具箱 (電子書),安一心,究竟,2019-12-01,,189
人生雖然有點難，我靠哲學搞定它,瑪莉．侯貝,究竟,2019-11-01,9,261
不懂提問，哪來一帆風順?：高手教你提升自我、拉近關係,韓根太,究竟,2019-11-01,9,252
思辨決定你的未來：沃草烙哲學讓你腦洞大開的25個思想實驗 (電子書),"朱家安,林大為,林斯諺",究竟,2019-10-01,,250
思辨決定你的未來：沃草烙哲學讓你腦洞大開的25個思想實驗,"何宗興,周詠盛,寧欣,廖育廷,張智皓,朱家安,林大為,林斯諺,沃草烙哲學作者群,洪偉,葉多涵,賴天恆,邱怡嘉,黃頌竹",究竟,2019-10-01,7,252
原來這就是B型人格：那些自戀、善變、邊緣、反社會的人在想什麼?,陳俊欽,究竟,2019-10-01,79,237
原來這就是B型人格：那些自戀、善變、邊緣、反社會的人在想什麼? (電子書),陳俊欽,究竟,2019-10-01,,210
心臟的故事：令人著迷卻又難以捉摸的生命核心 (電子書),桑迪普．裘哈爾,究竟,2019-09-01,,231
心臟的故事：令人著迷卻又難以捉摸的生命核心,桑迪普．裘哈爾,究竟,2019-09-01,9,297
海獅說歐洲趣史：歷史課本一句話，背後其實很有事,神奇海獅,究竟,2019-09-01,79,244
海獅說歐洲趣史：歷史課本一句話，背後其實很有事 (電子書),神奇海獅,究竟,2019-09-01,,217
內向者的溝通課：把害羞、慢熱、緊張、沒自信化為你的優勢,兆民,究竟,2019-08-01,79,237
厭世廢文觀止：英雄豪傑競靠腰，國文課本沒有教,厭世國文老師,究竟,2019-07-01,79,252
厭世廢文觀止：英雄豪傑競靠腰，國文課本沒有教 (電子書),厭世國文老師,究竟,2019-07-01,,224
為誰辯護：判決之外，11個法律故事的人性思考,莎拉．蘭佛德,究竟,2019-06-01,9,333
為誰辯護：判決之外，11個法律故事的人性思考 (電子書),莎拉．蘭佛德,究竟,2019-06-01,,259
我決定好好活到死：一位腦科學家對抗大腦病變的奇蹟之旅 (電子書),"伊蓮．麥克阿朵,芭芭拉‧麗普斯卡",究竟,2019-05-01,,231
我決定好好活到死：一位腦科學家對抗大腦病變的奇蹟之旅,"伊蓮．麥克阿朵,芭芭拉‧麗普斯卡",究竟,2019-05-01,9,297
原來，我們都對自我誤解太深：從印度哲學思維，找回真實的自己,熊仁謙,究竟,2019-05-01,9,252
原來，我們都對自我誤解太深：從印度哲學思維，找回真實的自己 (電子書),熊仁謙,究竟,2019-05-01,,196
人生好難，到底哪裡出問題：喜劇演員×藏傳僧侶×腦神經科學家如是說 (電子書),茹比‧韋克斯,究竟,2019-04-01,,231
人生好難，到底哪裡出問題：喜劇演員×藏傳僧侶×腦神經科學家如是說,茹比‧韋克斯,究竟,2019-04-01,9,297
惡人的美學.浮世繪,渡邊晃,究竟,2019-03-01,9,414
情緒勒索〔全球暢銷20年經典〕：遇到利用恐懼、責任與罪惡感控制你的人，該怎麼辦? (電子書),"唐娜‧費瑟,蘇珊‧佛沃",究竟,2019-03-01,,280
半小時漫畫中國史2：兩漢魏晉很有事,陳磊（二混子）,究竟,2019-01-01,9,288
半小時漫畫中國史3：隋唐盛世多風雲,陳磊（二混子）,究竟,2019-01-01,9,288
令人神往的靜坐開悟：普林斯頓大受歡迎的佛學與現代心理學,羅伯．賴特,究竟,2018-12-01,79,300
可惡的他人和可憐的自己：即時療癒人際關係的痛與情感內傷,蘇絢慧,究竟,2018-12-01,79,221
可惡的他人和可憐的自己：即時療癒人際關係的痛與情感內傷 (電子書),蘇絢慧,究竟,2018-12-01,,196
令人神往的靜坐開悟：普林斯頓大受歡迎的佛學與現代心理學 (電子書),羅伯．賴特,究竟,2018-12-01,,266
深井效應：治療童年逆境傷害的長期影響,娜汀‧哈里斯,究竟,2018-11-01,79,276
深井效應：治療童年逆境傷害的長期影響 (電子書),娜汀‧哈里斯,究竟,2018-11-01,,245
為愛徬徨的勇氣：阿德勒的幸福方法論,岸見一郎,究竟,2018-10-01,79,237
為愛徬徨的勇氣：阿德勒的幸福方法論 (電子書),岸見一郎,究竟,2018-10-01,,210
從此刻到永恆：一場身後事的探索之旅，重新叩問生命的意義,凱特琳．道堤,究竟,2018-08-01,7,210
耶路撒冷三千年 (電子書),賽門．蒙提費歐里,究竟,2018-08-01,,413
人生自古誰不廢：或懷才不遇，或落榜情傷，古代魯蛇的人生堅強講義,敏鎬的黑特事務所,究竟,2018-07-01,9,258
人生自古誰不廢：或懷才不遇，或落榜情傷，古代魯蛇的人生堅強講義 (電子書),敏鎬的黑特事務所,究竟,2018-07-01,,201
病態人格：是藏著惡意的善良，還是富有魅力的瘋狂?,中野信子,究竟,2018-06-01,79,221
病態人格：是藏著惡意的善良，還是富有魅力的瘋狂? (電子書),中野信子,究竟,2018-06-01,,196
別讓世界的單薄，奪去你生命的厚度：以印度哲學為師，找回內心的自由權,熊仁謙,究竟,2018-05-01,9,225
別讓世界的單薄，奪去你生命的厚度：以印度哲學為師，找回內心的自由權 (電子書),熊仁謙,究竟,2018-05-01,,175
如果春秋戰國是個班級：半小時漫畫中國史,陳磊（二混子）,究竟,2018-03-01,9,261
伊斯坦堡三城記,貝坦妮．休斯,究竟,2017-12-01,9,567
情緒勒索〔全球暢銷20年經典〕：遇到利用恐懼、責任與罪惡感控制你的人，該怎麼辦?,"唐娜‧費瑟,蘇珊‧佛沃",究竟,2017-09-01,79,316
好好說話：粉絲破千萬!最強說話團隊教你新鮮有趣的話術精進技巧,馬東,究竟,2017-08-01,79,237
好好說話：微博粉絲破千萬!最強說話團隊教你新鮮有趣的話術精進技巧 (電子書),馬東/出品、馬薇薇、黃執中、周玄毅/等著,究竟,2017-08-01,,210
現代草民哲學讀本：日常隨時烙哲學，用思考通樂人生 (電子書),沃草烙哲學作者群,究竟,2017-06-01,,252
現代草民哲學讀本：日常隨時烙哲學，用思考通樂人生,沃草烙哲學作者群,究竟,2017-06-01,9,324
敬那些痛著的心：蘇絢慧的暖心放映時光,蘇絢慧,究竟,2017-04-01,7,182
敬那些痛著的心：蘇絢慧的暖心放映時光 (電子書),蘇絢慧,究竟,2017-04-01,,182
被討厭的勇氣 二部曲完結篇：人生幸福的行動指南,"古賀史健,岸見一郎",究竟,2016-11-01,79,252
被討厭的勇氣 二部曲完結篇：人生幸福的行動指南 (電子書),岸見一郎、古賀史健,究竟,2016-11-01,,224
臺灣史上最有梗的臺灣史,黃震南,究竟,2016-08-01,9,252
臺灣史上最有梗的臺灣史 (電子書),黃震南,究竟,2016-08-01,,196
此人進廠維修中!：為心靈放個小假，安頓複雜的情緒,陳志恆,究竟,2016-06-01,79,197
你過的，是誰的人生?：如實長出生命力量的5種鍛鍊,蘇絢慧,究竟,2016-05-01,79,229
科學史上的今天：歷史的瞬間，改變世界的起點,"PanSci泛科學網專欄作者群,張瑞棋",究竟,2015-11-30,9,630
七天自我心理學，找回原本美好的你,蘇絢慧,究竟,2015-08-26,79,252
認識密碼學的第一本書,王旭正,究竟,2015-02-26,9,225
求真：臺大最受歡迎的哲學公開課,苑舉正,究竟,2015-01-26,9,252
被討厭的勇氣：自我啟發之父「阿德勒」的教導,"古賀史健,岸見一郎",究竟,2014-10-30,79,237
被討厭的勇氣：自我啟發之父「阿德勒」的教導 (電子書),岸見一郎、古賀史健,究竟,2014-10-30,,210
感謝主，我還是個諧星：笑著勇闖生命難關的女孩,吳瑋萍,究竟,2014-09-30,9,234
誰幫我們撐住天空,小野,究竟,2014-06-30,9,261
葉丙成的機率驚豔：當數學遇上文學，學生考不好也會笑著離開,"葉丙成,賴以威",究竟,2014-02-25,9,261
世界雖然殘酷，我們還是…… (電子書),小野,究竟,2013-05-29,,199
世界雖然殘酷，我們還是……：生命最痛的省思，最美的領悟,小野,究竟,2013-05-29,9,261
耶路撒冷三千年,賽門．蒙提費歐里,究竟,2013-03-28,9,531
好命中年：家庭醫學權威林青穀的38個養生提醒,林青穀,究竟,2012-08-31,9,234
每個人心裡都住著一座城市：建築、設計、旅遊達人的台灣空間旅行,謝宗哲等,究竟,2012-07-31,9,288
有些事，這些年我才懂 (電子書),小野,究竟,2012-06-29,,199
有些事，這些年我才懂：小野的人生思考,小野,究竟,2012-06-29,79,229
不乖性愛惹人愛：10萬人受惠，小技巧讓兩人歡愉破表,陳羿茨,究竟,2012-04-30,9,243
夢病：身體哪裡出狀況，夢會告訴你--張永明醫師為您釋夢談病,張永明,究竟,2012-02-23,9,243
好樣!前刀糸氏：剪出食衣住行新風格(隨書附贈「創新剪紙好樣光碟」),前刀糸氏,究竟,2011-11-30,9,315
第78次學日語就上手：因為前面77次，你都沒看青小鳥的日語學習書!,青小鳥,究竟,2011-06-30,9,243
台灣幸福百事：你想不到的第一次,陳柔縉,究竟,2011-03-29,9,315
讀書別靠意志力──風靡德國的邏輯K書法,克里斯迪安．格綠寧,究竟,2009-08-31,66,171
存亡法則：中國15個末代皇帝的退場啟示,孫婷、周志生,究竟,2006-09-25,9,189
科學的1000個瞬間——改變人類歷史的發明與發現,林為民,究竟,2006-03-27,9,252
明信片清末中國,陳玲、王迦南、蔡小麗,究竟,2005-09-26,9,225
用謀——向中國歷史人物借箭,秦戈,究竟,2005-08-25,66,184
世界歷史秘聞軼事──實用有趣的歷史故事,張壯年、張穎震,究竟,2005-03-25,9,234
世界歷史掌故發現-實用有趣的歷史故事,張壯年、張穎震,究竟,2005-03-25,9,252
影響歷史的愛情,金永華、金錚琦,究竟,2005-02-25,9,243
中國歷史之謎,李廣生,究竟,2004-12-24,9,180
世界地理怒海征服,"姜守明,高芳英",究竟,2004-11-30,9,207
世界地理發現奇航,"姜守明,高芳英",究竟,2004-11-30,9,207
中國歷史人物之謎,李廣生,究竟,2004-10-29,9,180
中國地理大發現,"彭安玉,胡阿祥",究竟,2004-09-30,9,288
少林遇上武當：中國武術的境界,佘志超,究竟,2004-08-25,9,180
神算：中國術數的秘密,王浩,究竟,2004-07-29,9,180
解讀上帝的留言：77則聖經比喻,葉舒憲,究竟,2004-04-29,9,234
玩權：中國歷史上的權術遊戲,秦學頎,究竟,2004-03-30,9,252
智者的邏輯,陳文江，秦美珠,究竟,2004-02-01,9,261
世界歷史49大謎,向思鑫,究竟,2003-12-18,9,225
中國歷史49大謎,向思鑫,究竟,2003-10-27,9,252
訓練思考能力的數學書,岡部恒治,究竟,2003-08-25,9,198
中國文人的非正常死亡,李國文,究竟,2003-08-25,9,288
謀略入門80策,張雲、邱志方,究竟,2003-05-28,9,324
中國歷史掌故發現─實用有趣的歷史故事,張壯年，張穎震,究竟,2002-10-30,9,261
歐幾里得之窗─從平行線到超空間的幾何學故事,李奧納多‧曼羅迪諾,究竟,2002-10-30,9,261
中國歷史秘聞軼事─實用有趣的歷史故事,張壯年，張穎震,究竟,2002-10-30,9,261
他與她的情感世界─一個心理學家的兩性觀察,狄奧多‧芮克,究竟,2002-09-30,9,234
戀人的心：一個心理學家眼中的愛,狄奧多‧芮克,究竟,2002-07-30,9,179
愛在大腦深處,湯瑪斯‧路易斯，法里‧阿明尼，理察‧藍儂,究竟,2001-12-03,9,234
阿基米德的浴缸-突破性思考的藝術與邏輯,大衛‧伯金斯,究竟,2001-09-03,9,270
拯救神的人,尼可斯‧卡山札基,究竟,2001-01-20,9,180
愛,Jose Ortega y Gasset,究竟,2001-01-01,9,180
聰明人的哲學指南,Roger Scruton,究竟,2000-10-01,9,180
誘惑者日記,齊克果,究竟,2000-06-10,9,207
激情尼采-漂泊在杜林的靈魂,張伯倫,究竟,2000-04-26,9,261
神的使者：聖經故事中的人物與傳奇,埃利‧維瑟爾,究竟,2000-04-26,9,207
蒼蠅、老鼠、人,法蘭索瓦‧雅各,究竟,2000-04-26,9,180
