title,author,publisher,publication_date,discount,price
成就密碼：任何人都能實現夢想的技能,丹尼爾．科伊爾,先覺,2024-05-01,79,323
行為經濟學是最強商業武器：善用人的不理性，一次改變千萬人,相良奈美香,先覺,2024-05-01,79,308
成就密碼：任何人都能實現夢想的技能 (電子書),丹尼爾．科伊爾,先覺,2024-05-01,,258
行為經濟學是最強商業武器：善用人的不理性，一次改變千萬人 (電子書),相良奈美香,先覺,2024-05-01,,234
驢子法則：人生很長，跑得快的不一定笑到最後,瑞秋．安妮．里奇,先覺,2024-04-01,79,316
驢子法則：人生很長，跑得快的不一定笑到最後 (電子書),瑞秋．安妮．里奇,先覺,2024-04-01,88,246
大膽行動：哈佛心理學教授破解負能量，改變人生三步驟,盧安娜．馬奇斯,先覺,2024-03-01,79,339
大膽行動：哈佛心理學教授破解負能量，改變人生三步驟 (電子書),盧安娜．馬奇斯,先覺,2024-03-01,88,264
極簡行銷課：什麼都能賣!創造流量、達成業績的關鍵5步驟,"J.J.彼得森,唐納．米勒",先覺,2024-03-01,79,284
極簡行銷課：什麼都能賣!創造流量、達成業績的關鍵5步驟 (電子書),"J.J.彼得森,唐納．米勒",先覺,2024-03-01,88,220
所有的生命都在流動：大海給你我的生命指引,洛朗絲．德維萊爾,先覺,2024-02-01,79,300
所有的生命都在流動：大海給你我的生命指引 (電子書),洛朗絲．德維萊爾,先覺,2024-02-01,88,234
提高思考解析度：4個視角，將模糊想法化為精準行動,馬田隆明,先覺,2024-01-01,79,347
提高思考解析度：4個視角，將模糊想法化為精準行動 (電子書),馬田隆明,先覺,2024-01-01,88,271
要有一個人：澈讀22種人生，你的人生有無限可能!,楊斯棓,先覺,2024-01-01,79,331
要有一個人：澈讀22種人生，你的人生有無限可能! (電子書),楊斯棓,先覺,2024-01-01,88,258
功能性意象訓練：成功無僥倖，實現目標的科學實證法,"喬安娜．格羅佛,強納森．羅茲",先覺,2023-12-01,9,378
罪行【暢銷百萬紀念版.燙金簽名封面】,費迪南．馮．席拉赫,先覺,2023-12-01,9,297
罪行【暢銷百萬紀念版.燙金簽名封面】 (電子書),費迪南．馮．席拉赫,先覺,2023-12-01,88,203
功能性意象訓練：成功無僥倖，實現目標的科學實證法 (電子書),"喬安娜．格羅佛,強納森．羅茲",先覺,2023-12-01,88,258
慣習Habitus：輕鬆做好準備，躍向人生顛峰,朵莉絲．馬爾汀,先覺,2023-11-01,79,363
慣習Habitus：輕鬆做好準備，躍向人生顛峰 (電子書),朵莉絲．馬爾汀,先覺,2023-11-01,88,283
把微不足道的小事放在心上：千萬職場名師教你做對30個細節，打破職涯天花板,周純如,先覺,2023-10-01,9,324
把微不足道的小事放在心上：千萬職場名師教你做對30個細節，打破職涯天花板 (電子書),周純如,先覺,2023-10-01,88,220
40歲起的人生課：解鎖真正人生，化解焦慮的力量之書,金美敬,先覺,2023-10-01,79,331
40歲起的人生課：解鎖真正人生，化解焦慮的力量之書 (電子書),金美敬,先覺,2023-10-01,88,258
變通思維：劍橋大學、比爾蓋茲、IBM都推崇的四大問題解決工具,保羅．薩瓦加,先覺,2023-09-01,79,331
變通思維：劍橋大學、比爾蓋茲、IBM都推崇的四大問題解決工具 (電子書),保羅．薩瓦加,先覺,2023-09-01,88,258
三千圓的用法：你的人生取決於你怎麼用這筆小錢,原田比香,先覺,2023-09-01,79,284
每天寫，重新寫，寫到最後：《不便利的便利店》韓國百萬暢銷作家生存記,金浩然,先覺,2023-09-01,9,315
三千圓的用法：你的人生取決於你怎麼用這筆小錢 (電子書),原田比香,先覺,2023-09-01,88,220
每天寫，重新寫，寫到最後：《不便利的便利店》韓國百萬暢銷作家生存記 (電子書),金浩然,先覺,2023-09-01,88,215
史丹佛大學創意寫作課：每一堂都是思想的交鋒，智識的探險，精采絕倫!,華樂士．史泰納,先覺,2023-08-01,9,342
史丹佛大學創意寫作課：每一堂都是思想的交鋒，智識的探險，精采絕倫! (電子書),華樂士．史泰納,先覺,2023-08-01,88,234
佐賀的超級阿嬤【暢銷1000萬本.全彩插畫珍藏版】,島田洋七,先覺,2023-08-01,79,252
佐賀的超級阿嬤【暢銷1000萬本.全彩插畫珍藏版】 (電子書),島田洋七,先覺,2023-08-01,88,197
可複製的領導力(2)：樊登的7堂管理課，讓優秀的員工自己長出來,樊登,先覺,2023-07-01,9,333
橫向思考：打破慣性，化解日常問題的不凡工具,保羅．史隆,先覺,2023-07-01,9,333
橫向思考：打破慣性，化解日常問題的不凡工具 (電子書),保羅．史隆,先覺,2023-07-01,88,227
可複製的領導力(2)：樊登的7堂管理課，讓優秀的員工自己長出來 (電子書),樊登,先覺,2023-07-01,88,227
富者的態度：關於工作、投資、關係、金錢的正確心態,J won,先覺,2023-06-01,9,342
富者的態度：關於工作、投資、關係、金錢的正確心態 (電子書),J won,先覺,2023-06-01,88,234
鎖定小眾：市場越窄，獲利越大,克里斯．卓爾,先覺,2023-05-01,9,342
鎖定小眾：市場越窄，獲利越大 (電子書),克里斯．卓爾,先覺,2023-05-01,88,234
我喜歡說話漂亮的你：觸動人心的對話溫度,金範俊,先覺,2023-04-01,79,276
極簡商業課：60天在早餐桌旁讀完商學院，學會10項關鍵商業技能,唐納．米勒,先覺,2023-04-01,79,308
極簡商業課：60天在早餐桌旁讀完商學院，學會10項關鍵商業技能 (電子書),唐納．米勒,先覺,2023-03-30,88,240
我喜歡說話漂亮的你：觸動人心的對話溫度 (電子書),金範俊,先覺,2023-03-30,,245
我可能錯了：森林智者的最後一堂人生課,"卡洛琳．班克勒,比約恩．納提科．林德布勞,納維德．莫迪里",先覺,2023-02-01,79,355
我在計程車上看到的財富風景：往上翻身與向下墜落的關鍵瞬間【隨書贈畢德歐夫祝福書籤】,畢德歐夫,先覺,2023-02-01,79,300
鄰居的植物諮商室：聊植物，談人生，竟找到最溫柔的撫慰,申惠雨,先覺,2023-02-01,79,347
鄰居的植物諮商室：聊植物，談人生，竟找到最溫柔的撫慰 (電子書),申惠雨,先覺,2023-01-18,,308
我在計程車上看到的財富風景：往上翻身與向下墜落的關鍵瞬間【電子書收錄畢德歐夫祝福書籤】 (電子書),畢德歐夫,先覺,2023-01-18,,266
我可能錯了：森林智者的最後一堂人生課 (電子書),"卡洛琳．班克勒,比約恩．納提科．林德布勞,納維德．莫迪里",先覺,2023-01-12,,315
借勢：社群時代，人人都該學的引爆流量法則,金槍大叔,先覺,2022-12-01,79,260
暢銷百萬的德國心理課：寫給在工作、愛情和人際關係中掙扎的你,"曼努埃．涂煦,福爾克．齊茲",先覺,2022-12-01,79,339
暢銷百萬的德國心理課：寫給在工作、愛情和人際關係中掙扎的你 (電子書),"曼努埃．涂煦,福爾克．齊茲",先覺,2022-12-01,,301
加密貨幣的真相：揭穿區塊鏈無本金融的國王新衣,曲建仲（曲博）,先覺,2022-11-09,9,369
加密貨幣的真相：揭穿區塊鏈無本金融的國王新衣 (電子書),曲建仲（曲博）,先覺,2022-11-09,,287
佛畏系統：洞察事物背後的規則，在不確定時代做出對的選擇,萬維鋼,先覺,2022-11-01,79,300
更快樂的1小時：UCLA爆紅的時間幸福學，教你聚焦於最重要的事,凱西．霍姆斯,先覺,2022-11-01,9,369
更快樂的1小時：UCLA爆紅的時間幸福學，教你聚焦於最重要的事 (電子書),凱西．霍姆斯,先覺,2022-11-01,,287
叫賣竹竿的小販為什麼不會倒?：投資理財前，非學不可的會計入門與金錢知識【暢銷經典版】,山田真哉,先覺,2022-09-01,9,279
叫賣竹竿的小販為什麼不會倒?：投資理財前，非學不可的會計入門與金錢知識【暢銷經典版】 (電子書),山田真哉,先覺,2022-09-01,,217
追劇商戰：解密Netflix、迪士尼、蘋果、華納、亞馬遜的串流市場瘋狂爭霸,"彤恩・施莫洛斯基,戴德・海耶斯",先覺,2022-09-01,9,441
追劇商戰：解密Netflix、迪士尼、蘋果、華納、亞馬遜的串流市場瘋狂爭霸 (電子書),"彤恩・施莫洛斯基,戴德・海耶斯",先覺,2022-09-01,,343
理性的非理性：10個行為經濟學關鍵字，工作、戀愛、投資、人生難題最明智的建議,"蘇丹,鄭毓煌",先覺,2022-08-01,9,333
理性的非理性：10個行為經濟學關鍵字，工作、戀愛、投資、人生難題最明智的建議 (電子書),"蘇丹,鄭毓煌",先覺,2022-08-01,,259
金錢整理：只要收拾存摺、冰箱和另一半，錢會自然流向你 (電子書),市居愛,先覺,2022-08-01,,175
焦慮的投資人：戰勝恐懼、貪婪、希望和無知，充分利用金錢創造財富,史考特．納遜斯,先覺,2022-08-01,66,277
焦慮的投資人：戰勝恐懼、貪婪、希望和無知，充分利用金錢創造財富 (電子書),史考特．納遜斯,先覺,2022-08-01,,294
為自己再勇敢一次：矽谷阿雅的職場不死鳥蛻變心法,鄭雅慈,先覺,2022-07-06,9,369
為自己再勇敢一次：矽谷阿雅的職場不死鳥蛻變心法 (電子書),鄭雅慈,先覺,2022-07-06,,287
A大的理財金律：從零存款開始也能越過越好【1書+1夢想筆記本】,A大（ameryu）,先覺,2022-06-01,79,323
全方位理財的第一堂課：你一生必學的五大財務規畫,闕又上,先覺,2022-06-01,79,347
達標：芝大商學院教授親授，意想不到的激勵課,艾雅蕾．費雪巴赫,先覺,2022-06-01,9,396
達標：芝大商學院教授親授，意想不到的激勵課 (電子書),艾雅蕾．費雪巴赫,先覺,2022-06-01,,308
全方位理財的第一堂課：你一生必學的五大財務規畫 (電子書),闕又上,先覺,2022-06-01,88,271
A大的理財金律：從零存款開始也能越過越好【1書+1夢想筆記本】 (電子書),A大（ameryu）,先覺,2022-06-01,,287
最美好、也最殘酷的翻身時代：畢德歐夫帶你掌握理財5大關鍵,畢德歐夫,先覺,2022-05-01,79,276
最美好、也最殘酷的翻身時代：畢德歐夫帶你掌握理財5大關鍵 (電子書),畢德歐夫,先覺,2022-05-01,,245
選擇，不只是選擇：全美決策領域最知名教授，告訴你選項背後的隱藏力量,艾瑞克・J・強森,先覺,2022-04-01,9,405
選擇，不只是選擇：全美決策領域最知名教授，告訴你選項背後的隱藏力量 (電子書),艾瑞克・J・強森,先覺,2022-04-01,,315
金錢的另一端是「人」：高盛前交易員教你大人、小孩都看得懂的幸福經濟學,田內學,先覺,2022-04-01,9,315
金錢的另一端是「人」：高盛前交易員教你大人、小孩都看得懂的幸福經濟學 (電子書),田內學,先覺,2022-04-01,,245
為什麼他投資一直賺大錢?：全球金融學校的散戶獲利方程式,"全球金融學校,市川雄一郎",先覺,2022-03-01,9,315
破圈：撕下標籤與人設，人生原來真的有捷徑,顧及,先覺,2022-03-01,9,324
破圈：撕下標籤與人設，人生原來真的有捷徑 (電子書),顧及,先覺,2022-03-01,88,220
為什麼他投資一直賺大錢?：全球金融學校的散戶獲利方程式 (電子書),"全球金融學校,市川雄一郎",先覺,2022-03-01,,245
富人不說，卻默默在做的33件事【暢銷經典版】,延埈赫,先覺,2022-02-01,9,306
富人不說，卻默默在做的33件事【暢銷經典版】 (電子書),延埈赫,先覺,2022-02-01,,238
內在驅動力：不需外在獎勵和誘因，引燃700萬人生命變革的關鍵力量,薩拉斯．吉凡,先覺,2022-02-01,9,360
內在驅動力：不需外在獎勵和誘因，引燃700萬人生命變革的關鍵力量 (電子書),薩拉斯．吉凡,先覺,2022-02-01,,280
劉必榮談判精華課：33年經驗集大成，上過這堂課，視野、思維無限寬廣,劉必榮,先覺,2022-01-01,79,363
劉必榮談判精華課：33年經驗集大成，上過這堂課，視野、思維無限寬廣 (電子書),劉必榮,先覺,2022-01-01,88,283
康乃爾最經典的思考邏輯課(暢銷典藏版)：避開六大謬誤，資訊時代必備的理性判斷工具,湯瑪斯．吉洛維奇,先覺,2021-12-01,9,279
康乃爾最經典的思考邏輯課(暢銷典藏版)：避開六大謬誤，資訊時代必備的理性判斷工具 (電子書),湯瑪斯．吉洛維奇,先覺,2021-12-01,,217
學習不會背叛你：首爾大學畢業生最受用的一堂課,金英敏,先覺,2021-11-01,9,378
學習不會背叛你：首爾大學畢業生最受用的一堂課 (電子書),金英敏,先覺,2021-11-01,,294
圖解史丹佛大學的自我改變課：97%學員認證，輕鬆駕馭意志力【實踐版】,凱莉．麥高尼格,先覺,2021-10-01,9,243
輕鬆駕馭意志力(暢銷10年紀念新版)：史丹佛大學最受歡迎的心理素質課,凱莉．麥高尼格,先覺,2021-10-01,9,333
圖解史丹佛大學的自我改變課：97%學員認證，輕鬆駕馭意志力【實踐版】 (電子書),凱莉．麥高尼格,先覺,2021-10-01,,189
輕鬆駕馭意志力(暢銷10年紀念新版)：史丹佛大學最受歡迎的心理素質課 (電子書),凱莉．麥高尼格,先覺,2021-10-01,88,227
減法的力量：全美最啟迪人心的跨領域教授，帶你發現｢少，才更好｣,雷迪．克羅茲,先覺,2021-09-01,9,378
減法的力量：全美最啟迪人心的跨領域教授，帶你發現｢少，才更好｣ (電子書),雷迪．克羅茲,先覺,2021-09-01,,294
更富有、更睿智、更快樂：投資大師奉行的致富金律,威廉．格林,先覺,2021-08-01,79,363
更富有、更睿智、更快樂：投資大師奉行的致富金律 (電子書),威廉．格林,先覺,2021-08-01,,322
人際網絡解密：史丹佛教授剖析，你在人群中的位置，如何決定你的未來,馬修．傑克森,先覺,2021-07-01,79,379
談判是無限賽局：上千企業指定名師教你創造長久利益的123法則,李思恩,先覺,2021-07-01,66,224
人際網絡解密：史丹佛教授剖析，你在人群中的位置，如何決定你的未來 (電子書),馬修．傑克森,先覺,2021-07-01,,336
談判是無限賽局：上千企業指定名師教你創造長久利益的123法則 (電子書),李思恩,先覺,2021-07-01,,238
史丹佛人際動力學：連開50年的課，教你好關係從真情流露開始,"凱蘿．羅賓,大衛．布雷弗德",先覺,2021-06-01,66,290
史丹佛人際動力學：連開50年的課，教你好關係從真情流露開始 (電子書),"凱蘿．羅賓,大衛．布雷弗德",先覺,2021-06-01,88,271
寫給忙碌父母的育兒百事：一本搞定，專家認證有效，對孩子最重要!,加藤紀子,先覺,2021-06-01,9,387
寫給忙碌父母的育兒百事：一本搞定，專家認證有效，對孩子最重要! (電子書),加藤紀子,先覺,2021-06-01,,301
也許你該跟未來學家談談：一堂前所未見的人生規畫課，所有問題你都可以問,布萊恩‧大衛‧強森,先覺,2021-05-01,9,342
40歲，精采人生才開始：從1萬人的經驗談看見真正該做的事,大塚壽,先覺,2021-05-01,9,315
40歲，精采人生才開始：從1萬人的經驗談看見真正該做的事 (電子書),大塚壽,先覺,2021-05-01,88,215
也許你該跟未來學家談談：一堂前所未見的人生規畫課，所有問題你都可以問 (電子書),布萊恩‧大衛‧強森,先覺,2021-05-01,,266
圖像思考的練習：這樣做，推動10億生意、調解糾紛、做出成果,平井孝志,先覺,2021-04-01,9,324
圖像思考的練習：這樣做，推動10億生意、調解糾紛、做出成果 (電子書),平井孝志,先覺,2021-04-01,,250
孤獨世紀：衝擊全球商業模式，危及生活、工作與健康的疏離浪潮,諾瑞娜．赫茲,先覺,2021-03-03,9,414
盲點：哈佛、華頓商學院課程選讀，為什麼傳統決策會失敗，而我們可以怎麼做?,"安．E．坦柏倫塞,麥斯．貝澤曼",先覺,2021-03-03,9,297
孤獨世紀：衝擊全球商業模式，危及生活、工作與健康的疏離浪潮 (電子書),諾瑞娜．赫茲,先覺,2021-03-03,,322
盲點：哈佛、華頓商學院課程選讀，為什麼傳統決策會失敗，而我們可以怎麼做? (電子書),"安．E．坦柏倫塞,麥斯．貝澤曼",先覺,2021-03-03,,231
成功的反思：混亂世局中，我們必須重新學習的一堂課,邁可．桑德爾,先覺,2021-02-01,79,387
成功的反思：混亂世局中，我們必須重新學習的一堂課 (電子書),邁可．桑德爾,先覺,2021-02-01,,343
謝謝你的指教：哈佛溝通專家教你轉化負面意見，成就更好的自己 (電子書),"席拉．西恩,道格拉斯．史東",先覺,2021-01-01,,322
謝謝你的指教：哈佛溝通專家教你轉化負面意見，成就更好的自己,"席拉．西恩,道格拉斯．史東",先覺,2021-01-01,9,414
隱性反骨：持續思辨、否定自我的教授，帶你逆想人生,李忠憲,先覺,2021-01-01,9,360
隱性反骨：持續思辨、否定自我的教授，帶你逆想人生 (電子書),李忠憲,先覺,2021-01-01,,280
鏡與窗談判課：哥大教授、聯合國談判專家，教你用10個問題談成任何事 (電子書),愛麗珊德拉‧卡特,先覺,2020-11-01,,273
鏡與窗談判課：哥大教授、聯合國談判專家，教你用10個問題談成任何事,愛麗珊德拉‧卡特,先覺,2020-11-01,66,257
人生路引：我從閱讀中練就的28個基本功,楊斯棓,先覺,2020-10-01,79,284
人生路引：我從閱讀中練就的28個基本功 (電子書),楊斯棓,先覺,2020-10-01,,250
閃電崩盤：一兆美元的真相!全球追捕，史上最神祕的金融罪犯,連恩．范恩,先覺,2020-09-01,7,287
錢買不到的東西：金錢與正義的攻防【暢銷十萬冊典藏版】,邁可．桑德爾,先覺,2020-09-01,9,360
閃電崩盤：一兆美元的真相!全球追捕，史上最神祕的金融罪犯 (電子書),連恩．范恩,先覺,2020-09-01,,287
錢買不到的東西：金錢與正義的攻防【暢銷十萬冊典藏版】 (電子書),邁可．桑德爾,先覺,2020-09-01,,280
精準思考：跨領域才是關鍵!洞悉問題本質，找到最佳答案,成甲,先覺,2020-08-01,9,288
精準思考：跨領域才是關鍵!洞悉問題本質，找到最佳答案【獨家附作者解說專文+影片】 (電子書),成甲,先覺,2020-08-01,,224
頂尖名校必修的理性談判課：哈佛、華頓商學院、MIT指定閱讀，提高人生勝率的經典指南 (電子書),"瑪格里特．妮爾,麥斯．貝澤曼",先覺,2020-07-01,,224
頂尖名校必修的理性談判課： 哈佛、華頓商學院、MIT指定閱讀，提高人生勝率的經典指南,"瑪格里特．妮爾,麥斯．貝澤曼",先覺,2020-07-01,79,252
潛入亞馬遜：了解全球獨大電商的最後一塊拼圖,橫田增生,先覺,2020-07-01,9,351
你怎麼過今天，就怎麼過今生：哈佛、康乃爾教授都在用的STORIES時間整理術，7個方法過更好的生活,詹姆斯・沃曼,先覺,2020-06-01,9,324
上級國民/下級國民：當加薪、買房、搭郵輪、談戀愛、休長假永遠與你無關，還能怎麼辦?,橘玲,先覺,2020-05-01,9,279
一個明亮的人，如何能理解黑暗?：《罪行》德國律師的思索,費迪南．馮．席拉赫,先覺,2020-04-01,79,244
一個明亮的人，如何能理解黑暗?──《罪行》德國律師的思索 (電子書),費迪南．馮．席拉赫,先覺,2020-04-01,,217
我愛身分地位 (電子書),艾倫‧狄波頓,先覺,2020-03-01,,245
玩心設計：改變千萬人的美好體驗，工作和生活的設計都該如此有趣!,陳威帆,先覺,2020-03-01,9,396
玩心設計：改變千萬人的美好體驗，工作和生活的設計都該如此有趣! (電子書),陳威帆,先覺,2020-03-01,,308
驅動自己，也激勵別人：史丹佛醫學院最熱門的人心領導課 (電子書),史蒂芬‧摩菲–重松,先覺,2020-02-01,,259
驅動自己，也激勵別人：史丹佛醫學院最熱門的人心領導課,史蒂芬‧摩菲–重松,先覺,2020-02-01,9,333
全球科技八巨頭GAFA ╳ BATH：一本書掌握最新產業趨勢，殺出未來活路 (電子書),田中道昭,先覺,2020-01-01,,250
全球科技八巨頭GAFA ╳ BATH：一本書掌握最新產業趨勢，殺出未來活路,田中道昭,先覺,2020-01-01,9,324
我如何真確理解世界：漢斯.羅斯林的人生思辨,"漢斯．羅斯林,芬妮．哈耶斯坦",先覺,2020-01-01,79,339
我如何真確理解世界：漢斯.羅斯林的人生思辨 (電子書),"漢斯．羅斯林,芬妮．哈耶斯坦",先覺,2020-01-01,,300
外商CEO內傷的每一天,黃麗燕（瑪格麗特）,先覺,2019-12-01,,330
外商CEO內傷的每一天 (電子書),黃麗燕（瑪格麗特）,先覺,2019-12-01,,231
上一堂很有事的印尼學：是隔壁的窮鄰居，還是東協的老大哥?,何景榮,先覺,2019-10-01,9,333
上一堂很有事的印尼學：是隔壁的窮鄰居，還是東協的老大哥? (電子書),何景榮,先覺,2019-10-01,,259
高效團隊默默在做的三件事：Google、迪士尼、馬刺隊、海豹部隊都是這樣成功的 (電子書),丹尼爾．科伊爾,先覺,2019-08-01,,231
高效團隊默默在做的三件事：Google、迪士尼、馬刺隊、海豹部隊都是這樣成功的,丹尼爾．科伊爾,先覺,2019-08-01,79,260
泛工業革命：製造業的超級英雄如何改變世界?,理察‧達凡尼,先覺,2019-07-01,9,405
成長心態：50張思維圖，帶你跳脫邊踩剎車，邊催油門的人生,吉田行宏,先覺,2019-06-01,9,270
黑馬思維：哈佛最推崇的人生計畫，教你成就更好的自己,"奧吉‧歐格斯,陶德‧羅斯",先覺,2019-05-01,79,276
黑馬思維：哈佛最推崇的人生計畫，教你成就更好的自己 (電子書),"奧吉‧歐格斯,陶德‧羅斯",先覺,2019-05-01,,245
白宮義見：首位華人白宮記者直擊!美國權力核心的真實面貌,張經義,先覺,2019-04-01,9,279
白宮義見：首位華人白宮記者直擊!美國權力核心的真實面貌 (電子書),張經義,先覺,2019-04-01,,217
未來十年微趨勢：洞察工作、科技、生活全新樣貌，掌握下一波成功商機,"梅樂迪斯．芬曼,馬克‧潘",先覺,2019-03-01,9,360
懲罰,費迪南‧馮‧席拉赫,先覺,2019-02-01,9,252
懲罰 (電子書),費迪南‧馮‧席拉赫,先覺,2019-02-01,,196
可複製的領導力：300萬付費會員推崇，樊登的九堂商業課,樊登,先覺,2018-12-01,79,237
可複製的領導力：300萬付費會員推崇，樊登的九堂商業課 (電子書),樊登,先覺,2018-12-01,,210
你想活出怎樣的人生?【品格形塑經典，宮崎駿為它復出，親自改編電影】,吉野源三郎,先覺,2018-11-01,79,229
善待他人，也不委屈自己：贏得人心的白宮社交之道，讓你高效合作、化解危機、建立關係,"傑瑞米・伯納,莉婭・博曼",先覺,2018-11-01,79,268
五星級溝通術，你的成功巨浪,卡曼‧蓋洛,先覺,2018-10-01,66,217
正義：一場思辨之旅【桑德爾指定授權，10周年全新譯本，收錄台灣版獨家序言】 (電子書),邁可‧桑德爾,先覺,2018-09-14,,294
最強表達高手的攻心簡報術：6大法則讓你說服聽眾，立即採取行動 (電子書),澤圓,先覺,2018-09-06,,210
正義：一場思辨之旅【桑德爾指定授權，10周年全新譯本，收錄台灣版獨家序言】,邁可‧桑德爾,先覺,2018-09-06,79,331
如果我真的懂你，會是這種表情嗎?：告別雞同鴨講，全美溝通藝術專家的共鳴式說話術,亞倫‧艾達,先覺,2018-07-01,66,198
真確：扭轉十大直覺偏誤，發現事情比你想的美好,"奧拉．羅斯林,安娜．羅朗德,漢斯．羅斯林",先覺,2018-07-01,79,316
真確：扭轉十大直覺偏誤，發現事情比你想的美好 (電子書),"奧拉．羅斯林,安娜．羅朗德,漢斯．羅斯林",先覺,2018-07-01,,280
國富論 (電子書),亞當‧史斯密,先覺,2018-04-01,,350
國富論2 (電子書),Adam Smith,先覺,2018-04-01,,455
訂製完美：基因工程時代的人性思辨,邁可‧桑德爾,先覺,2018-03-01,9,225
華頓商學院最受歡迎的談判課:上完這堂課，世界都會聽你的【暢銷20萬冊增修版】,史都華．戴蒙,先覺,2018-01-01,79,316
華頓商學院最受歡迎的談判課:上完這堂課，世界都會聽你的【暢銷20萬冊增修版】 (電子書),史都華．戴蒙,先覺,2018-01-01,,280
史丹佛大學心理學講義，人生順利的簡單法則,凱莉．麥高尼格,先覺,2017-12-01,9,270
史丹佛大學心理學講義，人生順利的簡單法則 (電子書),凱莉．麥高尼格,先覺,2017-12-01,,210
像海洋一樣思考：島嶼，不是世界的中心，是航向遠方的起點,花亦芬,先覺,2017-11-06,9,449
金錢整理：只要收拾存摺、冰箱和另一半，錢會自然流向你,市居愛,先覺,2017-06-01,79,197
上一堂最生動的國際關係：20部經典電影，告訴你世界原來是這個樣子,蔡增家,先覺,2017-04-01,9,306
房間裡最有智慧的人：康乃爾X史丹佛頂尖心理學家帶你洞悉人性、判辨真偽,"李‧羅斯,湯瑪斯‧吉洛維奇",先覺,2017-03-01,9,270
公司的品格2：從本地個案看懂台灣公司治理，拆解上市櫃公司地雷 (電子書),"孔繁華,李華驎",先覺,2016-11-01,,189
公司的品格2：從本地個案看懂台灣公司治理，拆解上市櫃公司地雷,"孔繁華,李華驎",先覺,2016-11-01,79,213
明天的遊戲規則：運用數位槓桿，迎向市場新局 (電子書),黃俊堯,先覺,2016-10-01,,196
明天的遊戲規則：運用數位槓桿，迎向市場新局,黃俊堯,先覺,2016-10-01,79,221
我愛這個現實的城市：最令人信服的28歲創業家帶你闖出自己的路,Green,先覺,2016-09-01,9,225
在歷史的傷口上重生：德國走過的轉型正義之路,花亦芬（Yih-Fen HUA）,先覺,2016-08-05,9,495
不當行為：行為經濟學之父教你更聰明的思考、理財、看世界,理查．塞勒,先覺,2016-06-01,79,347
不當行為：行為經濟學之父教你更聰明的思考 (電子書),理查．塞勒,先覺,2016-06-01,,299
上一堂最好玩的韓國學：政大超人氣教授帶你從韓劇看韓國社會、政治、外交與兩韓關係,蔡增家,先覺,2016-04-01,9,297
當爸媽過了65歲：你一定要知道的醫療、長照、財務、法律知識,康哲偉,先覺,2015-10-26,9,252
放膽射月!全球最聰明大學「奇點」教我的事,葛如鈞,先覺,2015-08-31,9,288
世界太精采，請你趕快站出來：30世代的勇氣與挑戰,路怡珍,先覺,2015-08-26,9,279
令人著迷的生與死：耶魯大學最受歡迎的哲學課,雪萊‧卡根,先覺,2015-07-30,9,477
令人著迷的生與死：耶魯大學最受歡迎的哲學課 (電子書),雪萊‧卡根,先覺,2015-07-30,,360
22歲起，選那個不做會後悔的決定,鍾子偉,先覺,2015-06-30,9,243
經營戰略全史：50個關於定位、核心能力、創新的大思考,三谷宏治,先覺,2015-05-28,9,315
文創大觀2：台灣品牌來時路,陳郁秀,先覺,2015-04-30,9,423
看懂，然後知輕重：「互聯網+」的10堂必修課,黃俊堯,先覺,2015-04-30,66,198
看懂，然後知輕重：「互聯網+」的10堂必修課 (電子書),黃俊堯,先覺,2015-04-30,,199
砍掉重練：30歲開始也不遲的工作術,陳昭穎,先覺,2015-03-31,9,234
上一堂最好玩的日本學：政大超人氣通識課「從漫畫看日本」,蔡增家,先覺,2015-03-25,9,270
以愛翻轉生命的數學課：陳立與500個家庭的教育奇蹟(附奧林匹亞數學思考法DVD),"張甄薇,陳立",先覺,2015-02-26,9,270
危機入市!投資買房零失誤的10堂課,"小資Oma,紅色子房",先覺,2014-07-31,9,342
他是玩真的!：「鋼鐵人」伊隆‧馬斯克改變未來的10種能力,"吳居叡,楊士範,鄭緯筌",先覺,2014-07-24,9,252
再見，世界工廠：後QE時代的中國經濟與全球變局,王伯達,先覺,2014-03-25,9,270
公司的品格：22個案例，了解公司治理和上市櫃公司的財務陷阱 (電子書),"李華驎,鄭佳綾",先覺,2014-02-25,,189
公司的品格：22個案例，了解公司治理和上市櫃公司的財務陷阱,"李華驎,鄭佳綾",先覺,2014-02-25,79,213
揭密!萬惡人資主管的良心建言：面試、升遷、跳槽、資遣、考績……其實是這麼回事,萬惡的人力資源主管,先覺,2013-11-28,9,252
文創大觀1：台灣文創的第一堂課,陳郁秀、林會承、方瓊瑤,先覺,2013-06-24,9,387
誰無罪 (電子書),費迪南．馮．席拉赫,先覺,2013-04-25,,195
誰無罪,費迪南．馮．席拉赫,先覺,2013-04-25,9,234
環印度洋大商機：跟著強權投資新市場,林志昊,先覺,2013-03-28,9,288
有日光的地方,黃國華,先覺,2012-12-24,9,297
十八歲起，你的格局不一樣：想像十年後的自己，做出最聰明的選擇,鍾子偉,先覺,2012-11-26,9,288
財務自由的世界：財務分析就是一場投資的戰爭,黃國華,先覺,2012-10-31,9,333
財務自由的講堂：財務報表是投資的偉大航道,黃國華,先覺,2012-10-31,9,324
用對熱血，人生就定位：小宇宙世代成就自我的12個關鍵,林奇伯,先覺,2012-05-31,9,261
台灣必須廢核的10個理由,劉黎兒,先覺,2011-11-30,9,261
我們經不起一次核災：政府不回答，也不希望你知道的52件事,劉黎兒,先覺,2011-10-31,9,225
80萬公里的熱情：釣竿科學家與花東農民的故事,閻驊,先覺,2011-07-28,9,261
美元圈套：全球經濟大逆轉，如何創富與避險,王伯達,先覺,2011-06-30,9,270
罪行,費迪南．馮．席拉赫,先覺,2011-06-30,9,225
世界地圖就是你的財富版圖：掌握國際觀，獲利更可觀,劉必榮、林志昊,先覺,2011-05-31,9,270
富人不說，卻默默在做的33件事,延埈赫,先覺,2011-01-25,66,171
民國100年大泡沫：財富即將重分配，央行沒告訴你的真相,王伯達,先覺,2010-09-30,9,243
世界真的變了!——10個你必須知道的未來,劉必榮,先覺,2009-10-29,9,288
這樣算帳，小本經營一定成功——看故事搞懂七大賺錢關鍵,薛兆亨會計師、徐林寬會計師,先覺,2009-02-27,9,234
創意心靈：美學與創意經濟的起手式,李仁芳,先覺,2008-10-30,9,252
國際觀的第一本書——看世界的方法,劉必榮,先覺,2008-08-29,9,324
新世紀談判全攻略,劉必榮,先覺,2006-12-25,9,225
世界是斜的—從本地觀點看切身經濟問題,王盈勛,先覺,2006-06-30,9,234
追蝴蝶的人——陳維壽的七十年蝴蝶夢,陳維壽,先覺,2006-04-28,9,234
請問大學校長,高永謀（採訪）,先覺,2005-11-30,9,198
一生必備的婦科保健書──國際名醫劉偉民關鍵報告,劉偉民,先覺,2005-11-25,9,252
民主化臺灣新國家安全觀,臺灣安全研究小組,先覺,2005-10-31,9,288
國富論 II,Adam Smith,先覺,2005-09-26,9,585
頭條英文──時尚而優雅的新聞用語,李巧云,先覺,2005-07-25,9,207
猶太財商──為什麼猶太人那麼會賺錢?,周素石,先覺,2005-06-24,9,234
台酒尚青──黃營杉再造台灣菸酒行銷實錄,吳芥之、吳碧珠,先覺,2005-05-30,9,225
其實，曹操是個管理天才,東方智,先覺,2005-03-30,9,279
當科技變身時尚：16%的科技行銷密碼,黃彥達,先覺,2005-01-27,9,198
我愛身分地位,艾倫‧狄波頓,先覺,2004-12-30,9,315
天才的交鋒：達文西、米開朗基羅、拉斐爾三傑畫傳,周時奮,先覺,2004-10-26,9,315
談判兵法：孫子兵學的謀略智慧,劉必榮,先覺,2004-06-29,9,270
100億的教訓：你所不知道的電子商務,黃彥達,先覺,2004-05-28,9,234
水煮三國,成君憶,先覺,2004-02-25,9,288
透視上市公司──聰明選股，遠離地雷,葉銀華,先覺,2003-12-22,9,324
薛琦經濟聊天室,薛琦,先覺,2003-10-01,9,180
談判，無所不在：你不能不懂的協商智慧,劉必榮,先覺,2003-04-29,79,197
愛的春藥：崔斯坦與伊索德,翁德明,先覺,2003-04-10,9,179
邏輯的第一本書：生活一切智慧的根源,張智光,先覺,2003-02-24,9,234
衝出人生好業績：做自己的行銷顧問,吳若權,先覺,2003-02-24,9,216
指揮大師亨利‧梅哲：把生命獻給台灣的音樂傳教士,朱和之,先覺,2002-11-29,9,252
一句話改變世界─史上最具影響力的50句名言,林博文,先覺,2002-11-29,9,171
三頂帽子哲學─劉必榮的談判人生,劉必榮,先覺,2002-08-26,9,180
夢迴藻海,珍‧瑞絲,先覺,2002-06-28,9,171
恭維趣史,理查．史丹格,先覺,2002-04-01,9,288
無悔：劇變年代的行動者,簡錫堦,先覺,2002-01-25,9,225
走過輕狂─婦科名醫劉偉民的故事,劉偉民,先覺,2001-11-26,9,225
經濟發展與自由,沈恩,先覺,2001-11-05,9,315
前進中國的10堂必修課,李威龍，王葳,先覺,2001-10-25,9,225
一飛沖天─飛碟電台的故事,徐賢淑，張寧,先覺,2001-09-26,9,216
從0到100億：矽谷創業之神陳五福的成功故事,郝士巾,先覺,2001-08-27,9,216
掀開高科技底牌,鄧海珠,先覺,2001-07-25,9,216
向塔尖尋夢,胡志強,先覺,2001-06-26,9,234
大改變：全球一流企業如何重塑生產力,威廉．喬伊斯,先覺,2001-01-20,9,216
嫉妒的藍圖,Mil\’an Fust,先覺,2001-01-19,9,324
季諾的告白,Italo Svevo,先覺,2000-10-26,9,378
心,夏目漱石,先覺,2000-10-26,9,198
不一樣的女人-新政府十位女性首長的故事,陳玉華等,先覺,2000-09-01,9,180
國富論,亞當‧史斯密,先覺,2000-08-01,9,450
死了兩次的男人,Luigi Pirandello,先覺,2000-07-27,9,252
星際遊俠─彗星的故事,David H. Levy,先覺,2000-07-05,9,216
小布希：雄心萬丈問鼎白宮,溫英超,先覺,2000-07-05,9,207
情聖卡薩諾瓦,亞瑟‧許尼茲勒,先覺,2000-06-01,9,162
亂中求序-混沌理論的永恆智慧,John Briggs and F. David Peat,先覺,2000-06-01,9,207
The New New Thing：以新致富的矽谷文化,邁克‧路易士,先覺,2000-04-26,9,270
溪畔天問,安妮‧狄勒德,先覺,2000-03-26,9,261
乳房的歷史,瑪莉蓮．亞隆,先覺,2000-03-01,9,342
全球管透透─跨越文化看管理,David J Hickson & Derek S. Pugh,先覺,2000-03-01,9,252
無重量世界: 科技和創意主導的年代,黛安‧科伊爾,先覺,2000-03-01,9,243
曠野的玫瑰-31位女子的心情探險故事,"瓦特金斯,葛蘭德,賈絲帕瑞妮",先覺,2000-02-26,9,270
海洋之歌──全球海洋生態發現之旅,Carl Safina,先覺,2000-01-25,9,423
一個細胞的告白,Lewis Thomas,先覺,2000-01-10,9,180
恐龍現場,約翰‧歐納,先覺,1999-12-28,9,216
願者上鉤,薩斯‧高丁,先覺,1999-12-28,9,234
世界級──區域性企業也能競逐全球,Rosabeth Moss Kanter,先覺,1999-11-24,9,324
站在巨人肩膀上,梅爾文．布萊格,先覺,1999-11-24,9,234
危險的年紀,凱倫．米凱黎斯,先覺,1999-11-20,9,162
緬因森林一年記,柏恩德‧亨瑞克,先覺,1999-11-03,9,243
銀行家之死：迎接小型投資人的時代,朗．薛爾鐃,先覺,1999-10-25,9,162
億萬商戰-媒體的金權遊戲,L. J. Davis,先覺,1999-10-01,9,198
不只一點瘋狂-天才數學家艾狄胥傳奇,Bruce Schechter,先覺,1999-10-01,9,216
銀行中的銀行-全球中央銀行的故事,Marjorie Deane，Robert Pringle,先覺,1999-09-01,9,315
第一年：哈佛MBA求學生活實錄,Robert Reid,先覺,1999-09-01,9,270
失靈的年代─克魯曼看蕭條經濟,保羅．克魯曼,先覺,1999-08-03,9,198
大自然在唱歌,Sigurd F. Olson,先覺,1999-07-30,9,198
透明社會：個人隱私VS.資訊自由,David Brin,先覺,1999-07-02,9,297
轉向：從尼克森到柯林頓美中關係揭密,James H. Mann,先覺,1999-06-28,9,351
發現科學─七大科學理論及大師,"arnold R. Brody,David Eliot Brody",先覺,1999-06-27,9,234
不朽的傳說,Isak Dinesen,先覺,1999-06-01,9,216
購併之神王嘉廉傳奇,溫英超,先覺,1999-06-01,9,216
兩個幸運的人─諾貝爾經濟學獎得主傅利曼自傳,Milton & Rose D. Friedman,先覺,1999-04-01,9,540
莫札特效應─音樂身心靈療法,Don Campbell,先覺,1999-04-01,9,315
命運之舞：基因的故事,Steve Jones,先覺,1999-03-01,9,342
台灣有沒有明天?─台海危機美中台關係揭密,James R. Lilley & Chuck Downs,先覺,1999-02-01,9,315
歐元啟示錄—轉捩點上的五條路,David Smith,先覺,1999-02-01,9,270
白色旅店,D. M. Thomas,先覺,1999-01-02,9,261
失竊的未來─生命的隱形浩劫,T.COLBORN D.DUMANOSKI J.P.MYERS,先覺,1999-01-01,9,252
山高水清-五百天徒步跨歐之旅,Nicholas Crane,先覺,1900-01-01,9,351
