title,author,publisher,publication_date,discount,price
媽媽的說話練習2：培育內心堅韌、不畏失敗的不倒翁孩子,尹智映,圓神,2024-05-01,79,284
母愛的枷鎖，女兒的牢籠,齊藤彩,圓神,2024-04-01,79,276
有生之年，只想好好談場戀愛,孤島Joe,圓神,2024-03-01,79,308
有生之年，只想好好談場戀愛【網書限量.孤島明信片】,孤島Joe,圓神,2024-03-01,79,308
好事即將發生：史努比Snoopy陪你找到自我認同，激勵低潮人生,"亞伯拉罕．托爾斯基,查爾斯．M．舒茲",圓神,2024-03-01,79,268
改寫你的金錢心靈帳簿(附金錢覺察卡隨身版+週記本)：解讀金錢記憶，預約財富自由,張瑜芬,圓神,2024-02-01,79,323
長途旅客,豆苗先生,圓神,2024-02-01,79,308
憤怒日記：誠實面對欲望，在殘酷世界迎向勝利,孫秀賢,圓神,2024-01-01,9,369
你的謎底，我的謎題,小川哲,圓神,2024-01-01,79,260
戀家的人︰五個獨居女子的溫暖家居生活,井田千秋,圓神,2023-12-01,79,284
深入內在的轉化與修行：獲得心靈真正的自由,朱筧立仁波切,圓神,2023-12-01,79,237
宜日日好日：好日曆，陪伴你長成更好的大人,好日曆,圓神,2023-11-02,79,410
宜日日好日：好日曆，陪伴你長成更好的大人【親簽+月曆】,好日曆,圓神,2023-11-02,79,600
HOLD不住的才是人生：媽媽、老婆、女兒、女明星，沒一個做得好，卻把自己過得很好!,謝依霖（HOLD住姐）,圓神,2023-11-01,9,369
奪取天下的少女【2024本屋大賞第1名!連奪14座冠軍!】,宮島未奈,圓神,2023-11-01,79,276
失去的喜悅：朦朧黑暗中所見的人生美好,法蘭克．布魯尼,圓神,2023-10-01,9,369
找回自己，找回親密,巴小波,圓神,2023-09-01,79,268
這些人，那些事【歲月淬鍊增訂版，全新收錄動人篇章】,吳念真,圓神,2023-09-01,79,284
感動的時刻，力量最大：真情相待，都是人性美與善的循環,戴晨志,圓神,2023-08-01,9,342
關鍵思維：解除焦慮，成為不凡的關鍵人物,馬克凡（Mark Ven）,圓神,2023-08-01,9,315
寫作課：陳雪給創作者的12道心法,陳雪,圓神,2023-07-01,79,316
真人真事真有事：那些課本沒有教的小故事、大歷史,Zass17,圓神,2023-07-01,9,297
心理能量使用說明書：安度靈魂暗夜，迎來豐盛人生,蘇予昕,圓神,2023-06-01,79,300
極光飯糰手習帖：免基礎、零失敗的140道超人氣料理,極光,圓神,2023-06-01,9,405
鐵道員【直木獎名作‧淺田次郎經典新譯】,淺田次郎,圓神,2023-06-01,9,342
從我開始的關係功課：先和自己打好關係，才能與他人建立好感連結,"徐慧玲 Lynn,羅鈞鴻（小虎）",圓神,2023-05-01,79,276
媽媽的說話練習：百萬按讚肯定!說對一句話，祝福孩子一生(附贈親子減壓溝通練習手冊),尹智映,圓神,2023-05-01,79,292
你不能選擇出身，但能活出想要的人生：大姐Selena寫給不甘現狀、不想放棄的你,陳珮甄 Selena,圓神,2023-04-01,9,315
安好誌(安然‧美好雙書腰，隨機出貨),白安,圓神,2023-03-01,79,323
心中住著野孩子,凱莉哥,圓神,2023-03-01,9,351
車上的女兒,宇佐見鈴,圓神,2023-03-01,9,288
我決定刻薄地生活：在不受傷害的情況下，打動人心的關係心理學【隨書加贈「自信有理，刻薄無罪!」金句書籤】,楊昌順,圓神,2023-02-01,7,252
假裝自己很外向，你在迎合什麼?：外向孤獨者的勇氣之書,楊思遠,圓神,2023-02-01,9,252
共擔池上：梁正賢翻轉地方的思維與商戰,梁正賢,圓神,2023-01-01,9,306
愛對自己,女王,圓神,2023-01-01,9,396
看似簡單卻說不出口的英文，原來這樣講,學英文吧IVY BAR,圓神,2022-12-01,9,360
執筆的欲望,席慕蓉,圓神,2022-12-01,9,441
深入人心的神表達：從一人告白到萬人演講，有邏輯就能說出精彩,"五頓,陶峻",圓神,2022-11-01,7,217
有母親等待的故鄉,淺田次郎,圓神,2022-11-01,9,360
乘風破浪的蛋黃酥：擁抱無可救藥的樂觀,何雪帆（美樂蒂 Melody）,圓神,2022-10-01,9,324
大V的正向教養實驗：融合蒙特梭利、薩提爾，不打罵、不利誘，養出孩子的好習慣,大V,圓神,2022-10-01,9,342
閱讀的方法：找到文明世界中，本該如此的我,羅振宇,圓神,2022-09-01,9,369
少女的祈禱,陳雪,圓神,2022-09-01,79,300
動機【橫山秀夫經典短篇集】,橫山秀夫,圓神,2022-09-01,9,342
自我的誕生：幫你建立強大真實的自己,武志紅,圓神,2022-08-01,9,324
成為讓別人快樂的人：母親留給我唯一重要的東西,永松茂久,圓神,2022-08-01,9,306
十分鐘熱度學習法：一句英語都不會說的少女，這樣成為美國律師,徐東珠,圓神,2022-07-01,9,315
因果螺旋：跨越時空的探索與思辨,陳建仁,圓神,2022-07-01,9,369
隈研吾建築圖鑑：專業導覽及手繪千幅圖片，美學、知識、旅遊一本全收錄,宮澤洋,圓神,2022-06-01,9,369
華燈之下：條通媽媽桑的懺情錄,敦子媽媽,圓神,2022-06-01,79,268
妳可以乖，但不能不懂男人的壞,大叔,圓神,2022-05-01,9,306
普通人的海外求職指南：不必留學，也能讓國際工作主動找上你,謝宗廷,圓神,2022-05-01,9,288
日本第一女公關的人際溝通術：不靠靈巧也能創造億萬業績的祕密,Enrike（小川愛莉）,圓神,2022-04-01,79,252
意念使用手冊：瞬間改變時間和空間的量子習慣,村松大輔,圓神,2022-04-01,9,279
先行者：名醫劉偉民逆流而上的人生,劉偉民,圓神,2022-03-01,9,270
塗鴉吧!用視覺模板翻轉人生：6種框架x4個步驟，學習、工作、時間管理全搞定,邱奕霖,圓神,2022-03-01,9,333
ROLAND‧羅蘭【日本第一男公關‧漫畫二部曲】(全2冊不分售),"ROLAND,井上紀良",圓神,2022-02-01,9,594
高度狂熱【推理大師橫山秀夫․經典重譯珍藏版】,橫山秀夫,圓神,2022-02-01,9,378
傻瓜一直在路上：生命的練習曲,"曲全立,趙文豪",圓神,2022-01-01,9,342
脫癮而出不迷網：寫給網路原生世代父母的教養書,陳志恆,圓神,2022-01-01,79,252
微胖生存學：別讓體重決定妳的美,波痞,圓神,2021-12-01,9,333
萬事皆美好：讓無數希臘人感受幸福的禮物書,史戴凡諾斯．詹內奇斯,圓神,2021-12-01,9,279
別哭，切諾比,陳昇,圓神,2021-11-03,7,343
開心嗎?麗春,陳昇,圓神,2021-11-03,7,343
爸爸媽媽，請你看見我!,蔡沅達,圓神,2021-11-01,9,270
為什麼大家都來問我?只因受苦的人想得更透徹,幡野廣志,圓神,2021-11-01,9,288
氤氳之城【當代最受歡迎西班牙作家薩豐，獻給書迷的告別故事集】,卡洛斯．魯依斯．薩豐,圓神,2021-10-01,9,324
同姓同名,下村敦史,圓神,2021-10-01,9,360
焦慮是你的隱性天賦：倫敦大學心理諮商博士帶你看清負面情緒的強大力量,尹依依,圓神,2021-10-01,79,237
衝破黨禁1986：民進黨創黨關鍵十日紀實,王曉玟,圓神,2021-09-01,9,450
社會在走，歷史要懂：呂捷開講,呂捷,圓神,2021-09-01,9,297
達賴喇嘛談心經【好讀大字版】,達賴喇嘛,圓神,2021-08-01,9,279
法治大國的日常小事,鄭華娟,圓神,2021-08-01,9,315
什麼樣的禮物可以拯救你的人生?,伊蒂特．伊娃．伊格,圓神,2021-08-01,79,260
鬼滅的暗號：從角色、故事、戰鬥、時代、紋樣、聖地，解密《鬼滅之刃》,瀧音能之,圓神,2021-07-01,9,288
那一年，那些沒人說的故事,少女老王,圓神,2021-07-01,7,224
不能只有我看到!臺灣史上的小人物大有事,故事StoryStudio,圓神,2021-06-01,9,351
解鎖尼的冷姿勢,尼胖,圓神,2021-06-01,9,342
你羨慕我的溫暖，但我手很冰,馬卡龍腳趾（Chi）,圓神,2021-05-01,9,324
喜歡不了自己，那就從不討厭開始,涵寶寶,圓神,2021-05-01,9,288
深夜保健室,"深夜保健室節目製作團隊與醫師專家群,鄭家純",圓神,2021-04-07,9,405
「獺祭」的挑戰：從深山揚名世界的日本酒傳奇,弘兼憲史,圓神,2021-04-01,9,261
64【全球盛讚推崇，橫山秀夫經典鉅作】,橫山秀夫,圓神,2021-04-01,9,513
是我未經允許就喜歡了你,3am.talk,圓神,2021-04-01,9,315
藍月升起：送你18個快樂處方,陳創農,圓神,2021-03-03,9,261
我竟然把我自己的肚子搞大了,朱佩慧,圓神,2021-02-01,9,288
全世界最感人的生物學：用力的活，燦爛的死,稻垣榮洋,圓神,2021-02-01,79,229
吳淡如白話經典套書︰金瓶梅、鏡花緣,"吳淡如,李汝珍,蘭陵笑笑生",圓神,2021-02-01,9,513
三十而已，最好的明天還在等你,李尚龍,圓神,2021-01-01,9,261
神住宿：超值星級體驗，精選全台13間寺廟、教會,943,圓神,2021-01-01,66,257
英雄時代,席慕蓉,圓神,2020-12-01,9,360
胡馬依北風,席慕蓉,圓神,2020-12-01,9,333
自己的力學：找到喜歡又做得好的事,洪瀞,圓神,2020-12-01,9,333
北光,橫山秀夫,圓神,2020-12-01,9,396
你值得被理解,小姿,圓神,2020-11-01,9,252
不完美的11歲,"凱莉哥,小露",圓神,2020-11-01,79,316
C30登機門的心靈旅程：改變一生的六場邂逅,馬修‧莫克理奇,圓神,2020-10-01,9,279
黑鑽定律：哈佛頂尖1%人士成就卓越的祕密,鄭周榮,圓神,2020-10-01,9,297
線，畫出的我【橫濱流星電影與原著小說雙書封珍藏版】,砥上裕將,圓神,2020-10-01,7,245
寫我的字，等你的清晨,默雨清晨,圓神,2020-09-01,9,324
不是所有親密關係都叫做愛情,陳雪,圓神,2020-09-01,79,276
你敢不敢一起來?：路邊攤詭誌錄,路邊攤,圓神,2020-08-01,7,231
那個病人，我人生的醫生,艾倫．狄維瑟,圓神,2020-08-01,7,231
斜槓青年【實踐版】：成為內控者，建立幸福人生的正向迴圈,Susan Kuang,圓神,2020-08-01,9,288
今天不挑戰，和張雅琴開心學英文,張雅琴,圓神,2020-07-01,9,288
遺跡訪詭錄,路邊攤,圓神,2020-07-01,7,217
幸好不漂亮 (電子書),蕭綽,圓神,2020-06-01,,196
幸好不漂亮,蕭綽,圓神,2020-06-01,9,252
節慶與預感【蜜蜂與遠雷‧沒說完的故事】,恩田陸,圓神,2020-06-01,79,244
節慶與預感【蜜蜂與遠雷‧沒說完的故事】 (電子書),恩田陸,圓神,2020-06-01,,217
劍魂如初3：惟願星辰 (電子書),懷觀,圓神,2020-05-01,,224
當最親的人成為傷痕 (電子書),黃之盈,圓神,2020-05-01,,224
所謂時間管理，就是選擇性放棄：上萬人成功驗證，時間規畫師的八大精簡法則 (電子書),少毅,圓神,2020-05-01,,182
所謂時間管理，就是選擇性放棄：上萬人成功驗證，時間規畫師的八大精簡法則,少毅,圓神,2020-05-01,9,234
當最親的人成為傷痕,黃之盈,圓神,2020-05-01,79,252
劍魂如初3：惟願星辰,懷觀,圓神,2020-05-01,79,252
比鬼故事更可怕的是你我身邊的故事,少女老王,圓神,2020-04-01,79,260
暖和和手套國,小川糸,圓神,2020-04-01,9,324
比鬼故事更可怕的是你我身邊的故事 (電子書),少女老王,圓神,2020-04-01,,231
暖和和手套國 (電子書),小川糸,圓神,2020-04-01,,250
人生就求一次如魚得水：紐約金獎插畫家的自由生活提案,Cinyee Chiu,圓神,2020-03-01,66,244
島嶼來信：我能說的祕密,陶立夏,圓神,2020-03-01,9,324
人生就求一次如魚得水：紐約金獎插畫家的自由生活提案 (電子書),Cinyee Chiu,圓神,2020-03-01,,259
島嶼來信：我能說的祕密 (電子書),陶立夏,圓神,2020-03-01,,250
雖然苦，還是想活成令人羨慕的樣子：那些在都會流淚築夢的女子們 (電子書),王欣,圓神,2020-02-01,,245
印度諸神皆有戲：神魔、變身、情慾、戰鬥、創造、破壞的創意源頭 (電子書),天竺奇譚,圓神,2020-02-01,,203
打造繁盛江戶的男人,門井慶喜,圓神,2020-02-01,9,342
印度諸神皆有戲：神魔、變身、情慾、戰鬥、創造、破壞的創意源頭,天竺奇譚,圓神,2020-02-01,9,261
雖然苦，還是想活成令人羨慕的樣子：那些在都會流淚築夢的女子們,王欣,圓神,2020-02-01,9,315
你想在凌晨三點聽見誰的晚安 (電子書),3am.talk,圓神,2020-01-01,,245
重逢咖啡館 (電子書),鄭華娟,圓神,2020-01-01,,203
不只是旅行,黃麗穗,圓神,2020-01-01,9,306
你想在凌晨三點聽見誰的晚安,3am.talk,圓神,2020-01-01,9,315
重逢咖啡館,鄭華娟,圓神,2020-01-01,9,261
蜜蜂與遠雷,恩田陸,圓神,2020-01-01,79,394
二十一,陶晶瑩,圓神,2019-12-05,79,292
二十一【電子書獨家‧陶晶瑩親聲朗讀】 (電子書),陶晶瑩,圓神,2019-12-05,,259
魚夫人間味：邊吃邊說四十年,魚夫,圓神,2019-12-01,7,238
魚夫人間味：邊吃邊說四十年 (電子書),魚夫,圓神,2019-12-01,,238
愛呆西非連加恩【愛的接力版】 (電子書),連加恩,圓神,2019-11-01,,238
愛呆西非連加恩【愛的接力版】,連加恩,圓神,2019-11-01,9,306
請照顧我媽媽【全球搶讀.插畫書封版】,申京淑,圓神,2019-11-01,9,270
從宜蘭海港孩子到英國企業楷模：貨車女孩蔡惠玉的精采人生 (電子書),"楊佳恬,蔡惠玉",圓神,2019-10-01,,189
從宜蘭海港孩子到英國企業楷模：貨車女孩蔡惠玉的精采人生,"楊佳恬,蔡惠玉",圓神,2019-10-01,9,243
蔡桑說怪：日本神話與靈界怪談，有時還有臺灣,蔡亦竹,圓神,2019-10-01,9,360
蔡桑說怪：日本神話與靈界怪談，有時還有臺灣 (電子書),蔡亦竹,圓神,2019-10-01,,280
一百萬個祝福：連爸爸畫中有話 (電子書),連上恩,圓神,2019-09-01,,224
一百萬個祝福：連爸爸畫中有話,連上恩,圓神,2019-09-01,9,288
我用打工學習這個世界：有關挫折、辛酸、老闆、現實社會，以及工作的27種樣貌,黃海樹,圓神,2019-09-01,9,261
擁抱刺蝟孩子：重啟連結、修復情感、給出力量的關鍵陪伴與對話,陳志恆,圓神,2019-09-01,79,252
擁抱刺蝟孩子：重啟連結、修復情感、給出力量的關鍵陪伴與對話 (電子書),陳志恆,圓神,2019-09-01,,224
陸王,池井戶潤,圓神,2019-08-01,9,405
預言貓收養了我,愛德華多．哈烏雷吉,圓神,2019-08-01,66,178
人生的身段：堅毅慈心唐美雲 (電子書),唐美雲,圓神,2019-07-01,,238
人生的身段：堅毅慈心唐美雲,唐美雲,圓神,2019-07-01,9,306
擺譜：看圖照著擺，零廚藝無油煙的10分鐘料理紙食譜,上田淳子,圓神,2019-06-01,9,261
狗狗的旅程【電影書衣版.《為了與你相遇》暖心續作】 (電子書),布魯斯．卡麥隆,圓神,2019-05-01,,245
狗狗的旅程【電影書衣版.《為了與你相遇》暖心續作】,布魯斯．卡麥隆,圓神,2019-05-01,9,315
非凡韌性：釋放傷痛，不再偽裝，從逆境中找到更強大的自己,梅格．潔伊,圓神,2019-05-01,9,342
人間條件6：未來的主人翁 (附完整版DVD),"吳念真,綠光劇團",圓神,2019-04-01,9,539
七個會議【電影書衣版】,池井戶潤,圓神,2019-04-01,9,342
你比你想的更勇敢,女王,圓神,2019-03-01,9,360
閃亮亮共和國【山茶花文具店，幸福續作】,小川糸,圓神,2019-03-01,79,284
念念時光真味,吳念真,圓神,2019-02-01,79,268
劍魂如初2：山河如故,懷觀,圓神,2019-02-01,79,252
念念時光真味 (電子書),吳念真,圓神,2019-02-01,,238
劍魂如初2：山河如故 (電子書),懷觀,圓神,2019-02-01,,224
寂寞博物館：20段名畫旅程，收留你說不出口的憂傷,謝哲青,圓神,2019-01-04,79,339
愛的連鎖殺意,鄭華娟,圓神,2019-01-01,9,234
歐遊情書：因為太美，一定要說給你聽的風景 (電子書),謝哲青,圓神,2019-01-01,,224
一點一點流光 (電子書),洪丹,圓神,2018-12-01,,224
叛逆有理、獨立無罪：掙脫以愛為名的親情綑綁 (電子書),陳志恆,圓神,2018-12-01,,196
一點一點流光(中西兩翻雙書封設計),洪丹,圓神,2018-12-01,9,288
叛逆有理、獨立無罪：掙脫以愛為名的親情綑綁,陳志恆,圓神,2018-12-01,7,196
舞初心：曹金鈴返璞收圓的人生 (電子書),曹金鈴,圓神,2018-11-01,,224
舞初心：曹金鈴返璞收圓的人生,曹金鈴,圓神,2018-11-01,9,288
出發‧Run for Dream,陳彥博,圓神,2018-10-08,9,342
出發‧Run for Dream (電子書),陳彥博,圓神,2018-10-08,,266
台客劇場的人生實驗室,林冠廷,圓神,2018-09-01,9,315
劍魂如初【附全新獨家番外】 (電子書),懷觀,圓神,2018-08-03,,231
劍魂如初【限量珍藏雙面書衣版】,懷觀,圓神,2018-08-01,79,260
民初學霸讀什麼?史上最強大的國語啟蒙書：澄衷蒙學堂字課圖說【白話全解版】〈上〉〈下〉,"《畫說漢字》編輯部,劉樹屏",圓神,2018-07-01,9,567
只想回到你身邊(電影【為了與你相聚】原著),布魯斯‧卡麥隆,圓神,2018-06-01,9,315
【媽，別鬧了!戲劇原著小說】我媽的異國婚姻,陳名珉,圓神,2018-06-01,75,225
我媽的異國婚姻【NETFLIX戲劇「媽，別鬧了!」原著小說】 (電子書),陳名珉,圓神,2018-06-01,,210
繆思的聲音：當代世界女性詩 (電子書),李敏勇,圓神,2018-05-01,,238
暗室裡的光：勵馨走過三十年,"勵馨基金會,趙慧琳",圓神,2018-05-01,9,270
繆思的聲音：當代世界女性詩,李敏勇,圓神,2018-05-01,9,306
蜜蜂與遠雷 (電子書),恩田陸,圓神,2018-04-24,,349
蜜蜂與遠雷【獨家試讀本】 (電子書),恩田陸,圓神,2018-04-17,,0
小國也可以偉大：我在奧地利生活學習的第一手觀察,楊佳恬,圓神,2018-04-01,9,270
小國也可以偉大：我在奧地利生活學習的第一手觀察 (電子書),楊佳恬,圓神,2018-04-01,,210
來去鬧一波!：歐痞康島尋寶桌遊【1書+1桌遊】,鬧一波大師,圓神,2018-02-01,9,449
可以跌倒但不能被打倒：粉紅人妻CPU的噗哈哈人生,CPU（周品妤）,圓神,2018-01-01,9,288
歷史，就是戰：黑貓老師帶你趣解人性、權謀與局勢,黑貓老師,圓神,2018-01-01,9,243
歷史，就是戰：黑貓老師帶你趣解人性、權謀與局勢 (電子書),黑貓老師,圓神,2018-01-01,,189
古董屋裡的微光往事 (電子書),鄭華娟,圓神,2017-12-01,,231
受傷的孩子和壞掉的大人,陳志恆,圓神,2017-12-01,79,229
日記幸福,光禹,圓神,2017-12-01,9,449
受傷的孩子和壞掉的大人 (電子書),陳志恆,圓神,2017-12-01,,200
古董屋裡的微光往事,鄭華娟,圓神,2017-11-01,9,297
崩壞國文：長安水邊多魯蛇?唐代文學與它們的作者,謝金魚,圓神,2017-11-01,9,324
崩壞國文 (電子書),謝金魚,圓神,2017-11-01,,250
北歐諸神皆可萌：神人整理、秒讀秒懂，魔戒、雷神索爾、英雄聯盟……都從這裡來 (電子書),米絲肉雞,圓神,2017-10-06,,250
當夏夜芳馥：席慕蓉畫作精選集,席慕蓉,圓神,2017-10-01,9,495
北歐諸神皆可萌：神人整理、秒讀秒懂，魔戒、雷神索爾、英雄聯盟……都從這裡來,米絲肉雞,圓神,2017-10-01,9,324
北歐諸神皆可萌：神人整理、秒讀秒懂，魔戒、雷神索爾、英雄聯盟……都從這裡來[限量簽名書],米絲肉雞,圓神,2017-10-01,9,324
斜槓青年：全球職涯新趨勢，迎接更有價值的多職人生,Susan Kuang,圓神,2017-09-01,9,252
斜槓青年：全球職涯新趨勢，迎接更有價值的多職人生 (電子書),Susan Kuang,圓神,2017-09-01,,196
Power錕的大人學：不吃苦，哪來實力!臺大最狂教授的14堂叢林生存課,李錫錕,圓神,2017-08-01,9,252
Power錕是這樣煉成的：奮鬥才得自由，殘酷才是青春，我的人生思索,李錫錕,圓神,2017-08-01,9,216
山茶花文具店,小川糸,圓神,2017-08-01,79,268
Power錕的大人學：不吃苦，哪來實力!臺大最狂教授的14堂叢林生存課 (電子書),李錫錕,圓神,2017-08-01,,196
Power錕是這樣煉成的：奮鬥才得自由，殘酷才是青春，我的人生思索 (電子書),李錫錕,圓神,2017-08-01,,168
美好的愛，是先給自己幸福,女王,圓神,2017-07-01,9,333
邂逅：有時只是擦身而過,黃麗穗,圓神,2017-06-01,9,315
爸爸的吉他：管碧玲的初衷,管碧玲,圓神,2017-06-01,9,333
Good Luck：當幸運來敲門【全新插圖.30萬冊暢銷典藏版】,"亞歷士‧羅維拉,費南多‧德里亞斯迪貝斯",圓神,2017-06-01,79,221
Good Luck：當幸運來敲門【全新插圖.30萬冊暢銷典藏版】 (電子書),亞歷士‧羅維拉、費南多‧德里亞斯迪貝斯,圓神,2017-06-01,,196
瑞士學徒制教育在公東：一位老校長引導的學習革命,黃清泰,圓神,2017-05-01,9,270
當生命走到盡頭，愛才開始：以仁為本的送行者傳奇,陳原,圓神,2017-05-01,9,234
放哲學：理事長和永康商圈永不妥協的致勝祕訣,李慶隆,圓神,2017-04-01,9,269
小鬱亂入，抱緊處理,"林妤恒,白琳",圓神,2017-04-01,9,270
地表最速50音學習法：一魚兩吃，過目不忘,呂宗昕,圓神,2017-02-01,9,288
為愛，竭盡所能：弱勢權益推手陳節如的奮戰之路 (電子書),"陳昭如∕執筆,陳節如∕口述",圓神,2017-01-01,,182
為愛，竭盡所能：弱勢權益推手陳節如的奮戰之路,"陳昭如∕執筆,陳節如∕口述",圓神,2017-01-01,9,234
吉娜兒的愛情Café：妳永遠可以愛得更美好,吉娜兒,圓神,2017-01-01,9,297
╳!為何我又站在雪地上,陶晶瑩,圓神,2016-12-05,9,359
播磨丸,李旺台,圓神,2016-12-01,66,178
播磨丸 (電子書),李旺台,圓神,2016-12-01,,189
李遠哲傳 (電子書),藍麗娟,圓神,2016-11-04,,528
李遠哲傳(上/下),藍麗娟,圓神,2016-11-04,9,720
滑雪讓我們人生更完整：兩個熱雪大叔的冒險之旅(中西兩翻雙書封設計),"史丹利,李李仁",圓神,2016-11-01,9,360
一直撒野：你所反抗的，正是你所眷戀的 (電子書),小野,圓神,2016-10-01,,196
一直撒野：你所反抗的，正是你所眷戀的,小野,圓神,2016-10-01,9,252
鹿王(上：倖存者/下：回歸者，套書不分售)【動畫電影版珍藏書衣】,上橋菜穗子,圓神,2016-10-01,9,720
月光下，我想念︰寫給音樂的情書(附贈配樂CD),石青如,圓神,2016-10-01,9,270
烏蘭巴托在遠方(附贈小說原聲配樂CD),陳昇,圓神,2016-09-01,9,351
紫色大稻埕︰繁華之夢的時光旅圖,"三立電視,青睞影視",圓神,2016-08-01,7,245
幸福是我們的義務：瑞典人的日常思考教我的事,吳媛媛,圓神,2016-08-01,9,252
孤獨的美食家2：五郎的異國食光,久住昌之,圓神,2016-07-01,9,234
這世界需要傻瓜︰美力台灣3D行動電影車的誕生奇蹟,"文豪,曲全立",圓神,2016-06-01,9,288
決戰王妃5：為愛加冕,綺拉．凱斯,圓神,2016-05-03,79,260
決戰王妃 5：為愛加冕 (電子書),綺拉．凱斯,圓神,2016-05-03,,231
世界的詩,李敏勇,圓神,2016-04-01,9,297
教室外的視野：小學六年的母親札記,番紅花,圓神,2016-04-01,9,270
詩的世界,李敏勇,圓神,2016-03-01,9,270
也許我們沒有共同的過去，但一定可以有共同的未來,姚立明,圓神,2016-03-01,9,234
除你之外,席慕蓉,圓神,2016-03-01,9,315
德，意志,鄭華娟,圓神,2016-03-01,9,288
媽啊，一下迷路一下爆走(附贈情緒打怪手冊+迷路創意貼紙),米米,圓神,2016-02-01,9,306
邊境台商,黃國華,圓神,2015-12-28,9,539
越跑越懂得：亞洲第一極地超馬選手陳彥博想告訴你的事,陳彥博,圓神,2015-11-25,9,333
哥教的不是歷史，是人性：呂捷親授，如何做一隻成功的魯蛇,呂捷,圓神,2015-10-29,9,261
我在雨中等你【暢銷十萬冊約定紀念版】,賈斯．史坦,圓神,2015-10-29,9,270
我在雨中等你【暢銷十萬冊約定紀念版】 (電子書),賈斯．史坦,圓神,2015-10-29,,225
哥教的不是歷史，是人性：呂捷親授，如何做一隻成功的魯蛇 (電子書),呂捷,圓神,2015-10-29,,199
回家：今日是明日的回憶,黃麗穗,圓神,2015-10-26,9,324
倫敦大學教我的13個逆轉心理學：這樣轉進人生勝利組,程大洲,圓神,2015-10-26,9,243
一個堅持和無數巧合的人生,吳澧培,圓神,2015-09-30,9,315
法理與善念：9個經典案例 看企業化危機為轉機,陳玲玉,圓神,2015-09-24,9,270
英派：點亮台灣的這一哩路,蔡英文,圓神,2015-09-24,9,270
英派：點亮台灣的這一哩路 (電子書),蔡英文,圓神,2015-09-24,,210
敬!我們的美味人生：貴婦奈奈×創意料理主廚，從12個精采人生慢燉出的暖心料理,"滕有正（尤金）,蘇陳端（貴婦奈奈）",圓神,2015-08-31,9,342
漫畫中醫經絡篇：按對穴道，就能擺脫惱人痠痛,羅大倫,圓神,2015-08-26,9,252
成功不是靠奇蹟，是靠累積：22則成功故事，讓人生充滿驚奇,戴晨志,圓神,2015-07-30,9,270
決戰王妃4：繼承者,綺拉．凱斯,圓神,2015-07-27,79,260
相信你值得幸福,女王,圓神,2015-07-27,9,324
決戰王妃 4：繼承者 (電子書),綺拉．凱斯,圓神,2015-07-27,,231
跟著來貘one more，two more：一事無成宣導手冊(一事無成空虛包，雙封面隨機出貨),Cherng（馬來貘）,圓神,2015-06-30,9,414
也追憶似水年華：永不中斷的追尋 從台大到台灣,"洪三雄,陳玲玉",圓神,2015-06-25,9,288
溫柔的心，強大的力量：德國人的日常思考,鄭華娟,圓神,2015-03-31,9,270
捨得：電子業先驅邱再興的事業與志業,邱再興,圓神,2015-02-26,9,279
父親這回事：我們的迷惘與驚奇,黃哲斌,圓神,2014-11-27,9,252
人生啊，歡迎迷路,米米,圓神,2014-11-24,9,261
金頭腦冠軍的超強學習法,孔繁錦,圓神,2014-09-25,9,243
決戰王妃外傳：王子與侍衛,綺拉．凱斯,圓神,2014-07-31,79,205
超有戲!kuma桑教你7天開口說道地日語(附 日籍老師標準發音MP3),池畑裕介,圓神,2014-06-30,9,297
聽，臺灣在吟唱：詩的禮物1,李敏勇,圓神,2014-06-25,9,252
聽，世界在吟唱：詩的禮物2,李敏勇,圓神,2014-06-25,9,261
決戰王妃 3：真命天女 (電子書),綺拉‧凱斯,圓神,2014-05-06,,224
決戰王妃3：真命天女,綺拉‧凱斯,圓神,2014-05-06,79,252
英文給它有點難，我靠畫畫搞定它,露琪．古提耶雷茲,圓神,2014-04-24,9,297
希望回來了：最大的苦難，最美的重生,陳雅琳,圓神,2014-03-31,9,288
讓利，讓你無往不利：永康國際商圈推手李慶隆的故事,李慶隆,圓神,2014-02-25,9,234
好想永遠住下去!32間特色民宿X100人真實體驗,"圓神編輯團隊,小野等作家群",圓神,2014-01-22,66,204
決戰王妃 2：背叛之吻：背叛之吻 (電子書),綺拉‧凱斯,圓神,2014-01-22,,217
決戰王妃2：背叛之吻,綺拉‧凱斯,圓神,2014-01-22,79,244
謝謝你(不)愛我,女王,圓神,2014-01-22,9,279
我是氣質卡：專心‧堅持‧全力衝刺，狗日子萬歲!,鄭華娟,圓神,2013-12-31,9,279
歐遊情書：因為太美，一定要說給你聽的風景,謝哲青,圓神,2013-12-25,79,252
漫畫東方聖經：佛陀開示，蔡志忠白話佛教入門經典,蔡志忠,圓神,2013-11-28,9,270
人間條件5：男性本是漂泊心情(附完整版DVD),吳念真,圓神,2013-11-25,9,539
被遺忘的教養法：3000個孩子的爸爸，讓每個都成材的信任教養,"張文輝,林至信(玄啟)",圓神,2013-10-31,9,252
我的心，我的眼，看見台灣：齊柏林空拍20年的堅持與深情,齊柏林,圓神,2013-10-24,79,229
決戰王妃 (電子書),綺拉．凱斯,圓神,2013-09-30,,210
決戰王妃,綺拉．凱斯,圓神,2013-09-30,79,237
寫給海日汗的21封信,席慕蓉,圓神,2013-08-29,9,342
李伯伯最想告訴你的22個科學家故事,李家同,圓神,2013-08-26,9,225
我們都是這樣彎大的之彎彎的魔法APP,彎彎,圓神,2013-07-31,9,261
我從拘留室搬進東倫敦之後,連美恩,圓神,2013-07-31,66,217
刺桐花之戰：西拉雅台灣女英雄金娘的故事,林建隆,圓神,2013-07-25,9,243
出走：用旅行找到生命的亮點,黃麗穗,圓神,2013-06-27,66,191
來去寺廟住一晚：超省錢!美食、美景，身心靈一次滿足,943,圓神,2013-06-27,66,184
最舒服的瑜伽書：選自己需要的，15分鐘輕鬆療身又療心(含50分鐘DVD：每日深層修復操，哪裡痛都有效),JOYCE (翁憶珍),圓神,2013-06-24,9,279
有多想要，就有多幸福,蘇陳端（貴婦奈奈）,圓神,2013-05-29,9,270
台灣小野放：出走不必遠行，在山.田.洋.森找自己,李盈瑩,圓神,2013-04-25,9,279
好笑華娟撞見維也納咖啡,鄭華娟,圓神,2013-03-28,9,261
求神：我在霞海城隍看見祈願的力量,486,圓神,2013-01-31,9,252
王者之爭：達文西和米開朗基羅的世紀對決,謝哲青,圓神,2012-12-27,9,405
第十九層地獄,蔣友柏,圓神,2012-12-27,9,297
氣血美活：女人一生的6堂關鍵保養課,吳明珠,圓神,2012-11-30,9,252
孤獨的美食家,久住昌之,圓神,2012-11-26,9,225
一個旅人，16張餐桌：沒和當地人吃頓飯，就不算去過那裡,張健芳,圓神,2012-10-31,9,270
是春天為我們開門的時候了：一個台灣詩人 心的秘密,李敏勇,圓神,2012-09-28,9,243
一直同在Together & Forever：我們和小英一起走過的旅程,蔡英文,圓神,2012-09-28,9,297
QQ臉!打敗所有面膜的甜心系刮痧,陳玫妃,圓神,2012-07-31,9,261
我也要!色鉛筆塗鴉就能瘦：好好吃、隨手畫，8週體型小1號的瘦身手帳,可藍,圓神,2012-06-29,9,225
妳和成功只差16步：萊雅首位台灣女總裁教妳事業&家庭處處圓滿,陳敏慧,圓神,2012-06-25,9,234
最孤獨也最飽滿的道路,卓曉然（錫安媽媽）,圓神,2012-06-25,9,270
這樣教出史上最會玩的榜首：平凡家庭的不平凡教養秘訣,高馨汝、許捷,圓神,2012-05-24,9,225
當婚姻遇上教養：父母的感情，是孩子愛的第一堂課,番紅花,圓神,2012-04-30,9,270
維多利亞的家藏味：零失敗、好上手的66道幸福家常菜,維多利亞,圓神,2012-02-23,9,288
愛的可頌麵包,鄭華娟,圓神,2012-02-01,7,196
下一個百年，仍必須從基本做起,李家同,圓神,2011-12-30,9,225
凝聚愛的每一哩路：「紙風車319鄉村兒童藝術工程」感動紀實,紙風車文教基金會,圓神,2011-12-26,9,378
我們都是這樣彎大的：彎彎校園抒壓日記,彎彎,圓神,2011-12-26,9,261
人間條件4：一樣的月光(附DVD),吳念真、綠光劇團,圓神,2011-10-31,9,539
愛自己：我愛你，但是我更愛我自己,女王,圓神,2011-10-31,9,261
洋蔥炒蛋到小英便當：蔡英文的人生滋味,蔡英文,圓神,2011-10-25,9,234
漫畫心經：淨心自在的力量,蔡志忠,圓神,2011-08-31,9,243
面具之上 (附小說配樂CD),許常德,圓神,2011-07-28,9,252
以詩之名,席慕蓉,圓神,2011-07-25,9,315
給孩子的人生先修班：從陪伴到獨立的教養6堂課,番紅花,圓神,2011-05-31,9,270
漫畫金剛經：安頓心的力量,蔡志忠,圓神,2011-04-28,9,234
愛的地下教育,彭浩翔,圓神,2011-04-25,9,315
媽媽的讀心術：一個創意教師的教養旅程,黃淑文,圓神,2011-03-29,9,234
真愛是種信仰,貝莉,圓神,2011-02-24,9,261
原來人生可以不只這樣：與夢想合一的陀飛輪法則,邢憲生,圓神,2011-02-24,9,270
氣質卡小狗學堂,鄭華娟,圓神,2011-01-25,9,261
母愛的權限：家有三個資優生的教養筆記,洪淑娟,圓神,2010-12-30,9,243
誰是你的愛情守護星：101個心理測驗大進補,安格斯,圓神,2010-12-27,9,243
從28篇經典演說學思考：李伯伯帶你看大人物怎麼想 (附英文別冊),李家同,圓神,2010-11-30,9,243
信仰一隻貓：個人時代的領先哲學,蔡志忠,圓神,2010-11-25,9,234
無耳空空問學記,蔡志忠,圓神,2010-11-25,9,234
看得遠的，就是好母親：建立你自己的教養格調,番紅花,圓神,2010-10-26,9,261
這些人，那些事,吳念真,圓神,2010-10-26,79,221
一看就記得!動漫系日語句型學習法(1書+1光碟),呂宗昕,圓神,2010-09-30,9,261
拔河：握住夢想，絕不放手,王亭權,圓神,2010-09-24,9,225
站好，不要靠我的腰!：朱學恆的奶爸戰鬥日記,朱學恆,圓神,2010-08-31,9,270
戀愛是種邪教,貝莉,圓神,2010-06-30,9,252
人生基本功：建築師潘冀的砌磚哲學,潘冀,圓神,2010-05-31,9,288
但願你20歲就懂的18件事：大黑小黑有話說,黑幼龍、黑立言,圓神,2010-05-25,9,234
人財兩得的保養大革命,WOW,圓神,2010-04-29,9,243
說故事了沒?：打動人心、實現夢想的關鍵能力,劉中薇,圓神,2010-04-29,9,261
9314男人與男孩【上市珍藏版】(寫真集+文字書.兩冊合購不分售.附DVD),角子,圓神,2010-03-31,9,449
亂髮：閃亮百年的詩花束【十年珍藏版】,与謝野晶子,圓神,2010-03-31,9,252
求婚大旅舍,鄭華娟,圓神,2010-02-25,9,252
女王力,女王,圓神,2010-01-25,9,261
彎家有娘初長成,灣娘,圓神,2010-01-25,9,261
老師的10個對不起：有關愛與生命的希望週記,簡世明,圓神,2009-12-30,9,234
遠方的信使,李敏勇,圓神,2009-12-24,9,225
我愛故我在,陶晶瑩,圓神,2009-11-30,9,261
母女江山,黃越綏,圓神,2009-11-25,9,234
阿嬤，我回來了!,陳昇,圓神,2009-09-30,9,270
這一生，至少當一次傻瓜─木村阿公的奇蹟蘋果,石川拓治,圓神,2009-09-25,9,225
帶我去遠方(電影書),傅天余,圓神,2009-08-31,9,297
媽媽的乳房──許足女士的人生歲月及家族記事,許陽明,圓神,2009-08-25,9,261
天使遊戲,卡洛斯．魯依斯．薩豐,圓神,2009-08-25,9,405
李伯伯最愛的48個電影故事,李家同,圓神,2009-07-30,9,234
30好幾?,凱西．陳,圓神,2009-07-30,9,252
女王i曼谷,女王,圓神,2009-07-23,9,269
殺手，低調華麗的貢丸,Lowes,圓神,2009-06-25,9,198
拜託!50音根本不用背 ──台大教授呂宗昕教你一小時開口說日文(1書+1MP3),呂宗昕,圓神,2009-05-26,9,179
漫畫天才學習法：每個人都是天才，只是自己不相信!,蔡志忠,圓神,2009-05-21,9,225
漫畫天才巧克力 ──每個小孩都是天才，只是媽媽不知道!,蔡志忠,圓神,2009-05-21,9,225
愛的小動作,鄭華娟,圓神,2009-04-24,9,252
海角，天涯，台灣：心境旅行，詩情散步,李敏勇,圓神,2009-03-25,9,225
武昌街一段七號：他和明星咖啡廳的故事,簡錦錐,圓神,2009-02-27,9,234
城市.愛情.對手戲,李俊明,圓神,2008-12-31,9,306
愛呆人生連加恩──複製幸福DNA,連加恩,圓神,2008-12-25,9,225
公仔出沒注意──日本卡漫朝聖路線21,哈日杏子,圓神,2008-11-28,9,288
愛情，真相大白：酪梨壽司的東京人妻日記,酪梨壽司,圓神,2008-10-24,9,234
波麗士大人電視小說,稻田電影工作室,圓神,2008-09-30,9,234
王陽明安頓生命的智慧,黃明誠,圓神,2008-09-30,9,225
最長的辭職信,黃淑文,圓神,2008-08-25,9,216
寧靜的巨大,席慕蓉,圓神,2008-06-25,9,261
五月花修道院,鄭華娟,圓神,2008-06-25,7,196
這就是GUTS!：夢想這回事，從來沒有句點(附單曲1CD),閃靈樂團,圓神,2008-05-30,9,351
在寂靜的邊緣歌唱：世界女性詩風景,李敏勇,圓神,2008-05-26,9,252
人間條件3：台北上午零時(附DVD2片),吳念真、綠光劇團,圓神,2008-04-30,9,539
我愛質男：貴婦奈奈的愛情進化論,貴婦奈奈,圓神,2008-04-30,9,243
白鷺鷥飛過：盧修一和他的時代,李文,圓神,2008-04-25,9,270
孩子的第一哩路：紙風車319鄉村兒童藝術工程,紙風車文教基金會,圓神,2008-04-25,9,333
Fun Fun馬後炮,楊丞琳，彎彎,圓神,2008-04-25,9,315
來自遠古的情感密碼──詩經的第一堂課,林晉士,圓神,2008-02-29,9,234
我的廣告人生──廣告巨人歷久彌新的行銷金律,克勞德．霍普金斯,圓神,2008-01-25,9,198
孩子，一個都不放棄,李家同，博幼基金會,圓神,2008-01-25,9,207
來得集,謝志偉,圓神,2008-01-25,9,207
書中之書──聖經的價值與影響,莊雅棠,圓神,2007-12-31,9,243
海德堡之吻 (甜蜜紀念版),鄭華娟,圓神,2007-12-25,9,189
北歐四季透明筆記──芬蘭創意、人文、生活,涂翠珊,圓神,2007-12-06,9,252
黃丁盛的歐洲攝影課 ──如何拍城堡、公園、教堂、廣場、古蹟、夜景、人物,黃丁盛,圓神,2007-12-06,9,315
我是女王2——那些壞男人教我的事,女王,圓神,2007-12-06,9,243
9999滴眼淚：那些跟青春記憶有關的美,陳昇,圓神,2007-11-26,9,225
你經歷的，我都懂,Maple Day,圓神,2007-11-26,9,198
肥皂大學忙線中,鄭華娟,圓神,2007-10-25,9,225
3499個愛：抗癌小詩人周大觀的故事,周大觀文教基金會,圓神,2007-09-28,9,252
去他的萬一：酪梨壽司的紐約MBA日記,酪梨壽司,圓神,2007-09-28,9,225
快樂，穩賺不賠的投資學,黃麗穗,圓神,2007-09-21,9,207
經由一顆溫柔心：台灣、日本、韓國詩散步,李敏勇,圓神,2007-09-21,9,234
甘露與淨瓶的對話 ──聖嚴法師開示，吳若權修行筆記,吳若權,圓神,2007-08-31,9,270
懂了，紅樓夢,李玲珠,圓神,2007-08-27,9,225
換換愛寫真書,可米富亞傳播事業有限公司，可米瑞智國際藝能有限公司,圓神,2007-07-25,9,315
五芒星的誘惑,施珮君,圓神,2007-07-25,9,225
換換愛 電視小說,可米富亞傳播事業有限公司，可米瑞智國際藝能有限公司,圓神,2007-06-29,9,189
萬世師表──李家同非常喜歡的一本書,詹姆斯．希爾頓,圓神,2007-06-29,9,180
我把星星點著了,林清玄,圓神,2007-05-31,9,225
愛不愛之書,凱西．陳,圓神,2007-05-31,9,252
阿宅醒醒,Lowes,圓神,2007-05-25,9,198
今夕何夕話楚辭,楊明,圓神,2007-04-30,9,180
我是女王──那些好女孩不懂的事,女王,圓神,2007-04-25,9,216
語言魔法師莎士比亞,姜葳,圓神,2007-03-30,9,189
那雙看不見的手,楊恩典∕口述．胡幼鳳∕撰文,圓神,2007-03-30,9,216
人間條件2：她與她生命中的男人們(附DVD2片),吳念真、綠光劇團,圓神,2007-02-27,9,450
波斯文學入門,元文琪,圓神,2007-02-27,9,216
新LOVE學──加點理性，更浪漫!,吳若權,圓神,2007-02-27,9,216
想當年，老婆還是正常人：我甜蜜又暴走的鬼嫁日記,一二三幸福人,圓神,2007-02-27,9,207
巧克力情書,鄭華娟,圓神,2007-01-25,9,216
飛翔的石膏鞋：太陽女孩包錦蓉的生命畫冊,包錦蓉,圓神,2006-12-25,9,225
K書高手東京奮鬥記,呂宗昕,圓神,2006-11-30,9,225
河岸月光,范俊逸,圓神,2006-11-24,9,270
老子的樂活哲學,蕭蕭,圓神,2006-10-25,9,198
三國隨身智慧,楊龢之,圓神,2006-09-29,9,198
有了自由才有愛：曾昭旭v.s.孟子的跨 時空對談,曾昭旭,圓神,2006-09-29,9,207
陪你一起慢慢走,中華民國智障者家長總會,圓神,2006-08-31,9,225
最愛深情密碼寫真書,可米瑞智國際藝能有限公司,圓神,2006-07-25,9,315
祕密假期,蔣勳,圓神,2006-07-25,9,288
哲人風流：莊子的智慧,謝鵬雄,圓神,2006-06-30,9,198
我的美食異想世界,鄭華娟,圓神,2006-06-26,9,198
戀愛女王：愛情，從美肌開始!,季芹,圓神,2006-06-26,9,270
深情密碼,可米瑞智國際藝能有限公司,圓神,2006-06-26,9,198
遇見你，我更懂自己,吳若權,圓神,2006-05-30,9,216
忠狗101─親子共戲故事書,紙風車劇團,圓神,2006-05-25,9,225
黃越綏詩集,黃越綏,圓神,2006-05-25,9,234
送給你一生的禮物,呂宗昕,圓神,2006-04-28,9,207
迷途詩冊(新版),席慕蓉,圓神,2006-03-27,9,198
邊緣光影,席慕蓉,圓神,2006-03-27,9,243
叛途,李嶽,圓神,2006-02-27,9,216
展現生命芬芳的神話傳說──列子的智慧,何淑貞,圓神,2006-02-27,9,198
原來我不帥,Lowes,圓神,2006-02-27,9,189
妙趣無邊的佛教寓言-白話百喻經新解,林清玄,圓神,2006-01-19,9,243
閃靈王朝─台灣搖滾鬼王10年全紀錄,閃靈樂團,圓神,2006-01-19,9,270
無極：電影異結局小說全見版,郭敬明,圓神,2006-01-19,9,234
我的小折學,許傑輝,圓神,2006-01-01,9,198
Jolin的6場單字派對(隨書附贈拼字遊戲),蔡依林、角子,圓神,2005-12-30,9,342
時光九篇,席慕蓉,圓神,2005-12-26,9,234
愛在西非45℃天空下:攝影寫真,稻田電影工作室,圓神,2005-11-30,9,270
45℃天空下,溫郁芳,圓神,2005-11-30,9,189
半成年愉快(嗎?)(隨書附贈單曲CD),曾少宗,圓神,2005-11-30,9,243
3個夏天,吳若權,圓神,2005-11-25,9,225
歌德的愛與靈魂,黃紹芳、Ursula Ritzenhoff,圓神,2005-11-25,9,216
易經的第一堂課,劉君祖,圓神,2005-10-31,9,198
李伯伯最愛的40本書,李家同,圓神,2005-10-31,9,216
四季花杯盤,鄭華娟,圓神,2005-10-25,9,216
東山再起──困境中的致勝商道,宋芳綺,圓神,2005-09-30,9,225
起飛之前，先學降落,吳若權,圓神,2005-09-30,9,207
發現泰戈爾──影響世界的東方詩哲,尹錫南,圓神,2005-09-30,9,207
烙印愛恨,曹又方,圓神,2005-09-26,9,315
重返古希臘──尋找西方智慧的根源,唐文,圓神,2005-09-26,9,225
做對的事，把事做對,林佳龍,圓神,2005-09-09,9,216
今天是幸福日,曾郁雯,圓神,2005-08-30,9,207
說給我的孩子聽：面對人生的10堂課(共10冊),圓神編輯部,圓神,2005-08-20,,2500
愛呆我家連加恩,連加恩、連上恩,圓神,2005-08-01,9,180
金色般若,林清玄,圓神,2005-07-25,9,207
媽咪小太陽(精裝典藏版),光禹,圓神,2005-06-15,9,269
親愛酷爸爸(精裝典藏版),光禹,圓神,2005-06-15,9,269
天天有智慧(精裝典藏版),光禹,圓神,2005-06-15,9,269
疼惜好生活(精裝典藏版),光禹,圓神,2005-06-15,9,269
昨日的叛逆(精裝典藏版),光禹,圓神,2005-06-15,9,269
在勇氣邊緣(精裝典藏版),光禹,圓神,2005-06-15,9,269
為真愛承諾(精裝典藏版),光禹,圓神,2005-06-15,9,269
不放過青春(精裝典藏版),光禹,圓神,2005-06-15,9,269
愛回到最初(精裝典藏版),光禹,圓神,2005-06-15,9,269
誰來教我愛(精裝典藏版),光禹,圓神,2005-06-15,9,269
給最初的愛(精裝典藏版),光禹,圓神,2005-06-15,9,269
諸羅奪寶,諸英,圓神,2005-05-30,9,198
敢說就不難!——張雅琴救急英語寶典,張雅琴,圓神,2005-05-30,9,198
翎月情仇,方晨,圓神,2005-05-30,9,225
勇氣之書,凱西．陳,圓神,2005-05-25,9,252
藍色牧場,蔡富澧,圓神,2005-05-24,9,189
讓我自己飛--音樂才子宋岳庭的生命故事,李花崗、邱立屏,圓神,2005-04-29,9,198
老先覺的話(附1CD),林清玄,圓神,2005-04-26,9,225
J1--JOLIN的二十四堂英文日記課(附1CD),蔡依林、角子,圓神,2005-03-09,9,315
總是無法忘卻(散文),尉天驄,圓神,2005-02-25,9,189
溫馨，在回望之後(小說),尉天驄,圓神,2005-02-25,9,207
是夢也是追尋(詩),尉天驄,圓神,2005-02-25,9,171
沒大沒小天才班,陳雅麗,圓神,2005-02-25,9,198
我摺疊著我的愛,席慕蓉,圓神,2005-02-25,9,216
最簡單的，最難得!,吳若權,圓神,2005-01-25,9,189
提著菜籃上米蘭,鄭華娟,圓神,2004-12-30,9,216
靈慾刺青,曹又方,圓神,2004-12-24,9,252
真假民主,瞿海源,圓神,2004-12-24,9,252
一字禪,依空,圓神,2004-11-30,9,207
冬季到台北來看雨(附VCD),吳若權,圓神,2004-11-30,9,225
天下沒有懷才不遇這回事,包益民,圓神,2004-11-30,9,225
一步一腳印，發現新台灣,詹怡宜,圓神,2004-09-30,9,225
兩個人和一所學校：馬文仲與谷慶玉的牽手人生,依品凡,圓神,2004-09-24,9,234
林泉,林清玄,圓神,2004-09-24,9,207
擁抱幸福的自己,吳若權,圓神,2004-09-24,9,180
與大師心靈對話,"星雲大師,李晶玉",圓神,2004-08-30,9,198
二事如意,小魚,圓神,2004-08-25,9,216
禪趣60：禪與生命的對話,廖閱鵬,圓神,2004-07-29,9,198
關於愛的12堂課：醫學生玲玲的生命故事,"蔡玲玲,藍琴臺",圓神,2004-07-26,9,198
開啟人生的六扇窗：啟迪智慧的80則佛教故事,依空,圓神,2004-06-29,9,225
風中的費洛蒙,陳昇,圓神,2004-06-29,9,216
最美麗的出走：尋找香格里拉,楊文德,圓神,2004-06-29,9,225
寧願，愛短短的就好!,吳若權,圓神,2004-06-25,9,207
原來詩經可以這樣讀,唐文,圓神,2004-05-28,9,207
遇見三百年前的臺灣：裨海紀遊,楊龢之,圓神,2004-05-28,9,198
接受才能微笑：一位年輕醫師勇敢面對癌症的故事,彭昱憲,圓神,2004-05-28,9,180
美麗的旅行荷包,鄭華娟,圓神,2004-05-25,9,216
人間條件【完整典藏版】,吳念真,圓神,2004-04-29,9,539
風中的波斯菊：林媽利的生命故事,劉湘吟,圓神,2004-04-26,9,198
人海茫茫相愛一場,小魚,圓神,2004-04-26,9,234
清歡,林清玄,圓神,2004-03-30,9,207
遇見散文：二十世紀名家經典100,王劍冰,圓神,2004-03-30,9,449
一切從基本做起,李家同,圓神,2004-03-25,9,189
林家舖子 ‧ 春蠶,茅盾,圓神,2004-02-25,9,180
來不集,謝志偉,圓神,2004-02-17,9,180
寶寶貝貝在一起,沈承炫,圓神,2004-01-15,9,207
相信台灣：阿扁總統向人民報告,陳水扁,圓神,2004-01-15,,99
我的家在高原上,席慕蓉,圓神,2003-12-22,9,216
成功戀愛學,戴晨志,圓神,2003-12-22,9,198
淡定‧積極‧重生,曹又方,圓神,2003-12-18,9,225
愛呆西非連加恩：攝氏45度下的小醫生手記,連加恩,圓神,2003-12-18,9,198
超級英語會話(1-4),圓神編輯部,圓神,2003-12-05,9,1076
點石成金健康法(附CD),姜淑惠,圓神,2003-11-28,9,234
蛋糕核桃燒(書+VCD，電視電腦均可播),吳若權,圓神,2003-11-28,9,216
圓滿人生幸福的寓言,林清玄,圓神,2003-11-25,9,198
夏日香氣寫真書,新點子唱片,圓神,2003-11-15,9,207
絕境飛行,天心永樂,圓神,2003-10-30,9,198
成長地圖：五六七年級的台北印象,張清芳等,圓神,2003-10-27,9,198
萊茵情人,鄭華娟,圓神,2003-10-27,9,198
夏日香氣全紀錄,翁家祥,圓神,2003-10-20,9,198
發現謙卑的力量,吳若權,圓神,2003-09-25,9,216
慾望熟男日記,傑夫,圓神,2003-08-29,9,189
御飯糰&糯米糰的旅行手記,見榮子、碩雅,圓神,2003-08-29,9,198
心靈清泉,滿濟法師,圓神,2003-08-25,9,162
玄想,林清玄,圓神,2003-07-30,9,207
時尚地圖：孫正華的流行影像筆記,孫正華,圓神,2003-07-30,9,198
時光紀念冊：五六七年級的物件紀事,張曼娟，歐陽林，王蘭芬，陳雪，谷淑娟，孫梓評等,圓神,2003-07-25,9,198
戀愛無用論,成英姝,圓神,2003-06-27,9,180
秘密的旅行：角子和大明星的另類之旅,角子,圓神,2003-06-27,9,216
赴宴,溫郁芳,圓神,2003-06-24,9,243
你可以更傑出,戴晨志,圓神,2003-05-28,9,189
畢業旅行,吳若權,圓神,2003-05-23,9,216
野葡萄藤之戀,鄭華娟,圓神,2003-05-23,9,207
歡唱悲歌,吳若權,圓神,2003-04-26,9,216
茶館,老舍,圓神,2003-04-25,9,171
受用一生的智慧(全新普及版),戴晨志,圓神,2003-04-10,9,189
幸福追分,黃麗穗,圓神,2003-03-28,9,180
高牆裡的春天,丘榮襄,圓神,2003-03-24,9,171
點滴城市,侯文詠,圓神,2003-03-24,9,171
純屬意外：王力宏私密檔案書(2書+1VCD)),王力宏，角子,圓神,2003-03-20,9,342
阿Q正傳.祝福,魯迅,圓神,2003-02-27,9,162
彩繪人生山水的寓言,林清玄,圓神,2003-01-23,9,198
曹又方24卷精選集,曹又方,圓神,2003-01-01,9,6480
兩浙漫遊,郁達夫,圓神,2002-12-30,9,180
歐遊雜記,朱自清,圓神,2002-12-30,9,162
鰻魚的願望,吳若權,圓神,2002-12-25,9,207
席慕蓉,席慕蓉,圓神,2002-12-25,9,1080
眨眼之間─漸凍人陳宏的熱情人生,陳宏,圓神,2002-11-29,9,198
南十字星下的約定,鄭華娟,圓神,2002-11-25,9,216
逆風穿雲,天心永樂,圓神,2002-10-25,9,207
針砭—瞿海源評論集,瞿海源,圓神,2002-10-01,9,252
摘星,吳若權,圓神,2002-10-01,9,225
張雅琴 Smart 英語學習法(新版),張雅琴,圓神,2002-09-25,9,171
唐安麒瘦身健美湯方(全新精進版),唐安麒,圓神,2002-08-30,9,198
愛過，總比沒愛好!,吳若權,圓神,2002-08-30,9,207
往天涯的盡頭單飛,鄭華娟,圓神,2002-08-26,9,225
假面公主之騎士精神(附VCD),角子，蔡依林,圓神,2002-08-02,9,342
失去讓生命更完整,呂如中,圓神,2002-07-25,9,198
冬季戀歌寫真書,粘嫦鈺,圓神,2002-07-15,9,198
其實你看到的是我的背影,倪敏然,圓神,2002-06-28,9,198
太陽的女兒─一個孤女的真情告白,蘇玉珍,圓神,2002-06-28,9,189
一朝醒來是歌星,陳昇,圓神,2002-06-25,9,314
影響台灣50人,白文進,圓神,2002-05-30,9,171
撼動台灣50事,白文進,圓神,2002-05-30,9,171
輪轉人生：劉銘勇於挑戰的生命故事,劉銘,圓神,2002-05-27,9,198
善待癌症最健康,姜淑惠,圓神,2002-04-30,9,207
走，我們坐船去,黃麗穗,圓神,2002-04-25,9,189
新疆的太陽不睡覺,郜瑩,圓神,2002-04-25,9,189
一個人份的幸福,楊明,圓神,2002-04-25,9,171
清淨流亡：少年噶瑪巴的故事,林照真,圓神,2002-04-01,9,207
懂得,石德華,圓神,2002-03-26,9,180
五年級青春紀念冊,MIMIKO,圓神,2002-03-26,9,225
極簡.極美,林珊旭,圓神,2002-02-27,9,180
佛洛阿德vs.CC考克之心理遊戲Live Show,佛洛阿德，CC考克,圓神,2002-02-27,9,198
巴黎小館秘密情人,鄭華娟,圓神,2002-02-27,9,207
改變一生的一句話 (一),林清玄等,圓神,2002-01-31,,69
改變一生的一句話 (二),宋楚瑜等,圓神,2002-01-31,9,108
改變一生的一句話 (三),劉墉等著,圓神,2002-01-31,9,108
改變一生的一句話 (四),星雲大師等,圓神,2002-01-31,9,108
改變一生的一句話 (五),陳水扁等,圓神,2002-01-31,9,108
愛的接力賽,梁弘志,圓神,2002-01-25,9,198
紅色橄欖,翁明哲,圓神,2002-01-01,9,198
學習永不嫌遲 ─盲人碩士柯明期的生命故事,邱麗文,圓神,2002-01-01,9,171
在逆境中微笑向前,范俊逸,圓神,2002-01-01,9,171
有愛就有希望：朱仲祥激勵生命的故事,朱仲祥,圓神,2001-12-15,9,171
賺食世家─國家文藝獎得主 葉石濤黑色幽默小說選,葉石濤,圓神,2001-12-03,9,180
我想結婚，你呢?,楊明,圓神,2001-12-03,9,180
這樣學英文最簡單,歐媽咪,圓神,2001-11-26,9,171
浩瀚星雲,林清玄,圓神,2001-11-26,9,324
如果你問起-漢英對照李敏勇詩選,李敏勇,圓神,2001-11-02,9,171
思慕與哀愁-漢日對照李敏勇詩選,李敏勇,圓神,2001-11-02,9,171
私的杜麗珍,徐錦成,圓神,2001-10-25,9,180
不怕改變,"廖筱君,林傑煥",圓神,2001-10-25,9,225
世紀首航：政黨輪替五百天的沉思,陳水扁,圓神,2001-10-25,9,288
想入非非：少年阿Jun的紫色大陸大冒險,黃羿峻,圓神,2001-10-03,9,180
總統府週記,陳哲男,圓神,2001-10-03,9,189
不敗的上班族─上班族50個成功黃金定律,Mimiko,圓神,2001-09-26,9,180
大稻埕135巷─從胭脂巷到攝影棚的人生,陸沙舟,圓神,2001-09-26,9,216
青雲有路志為梯,鄧樂然,圓神,2001-09-03,9,207
我就這樣哈上了台灣,丹布隆,圓神,2001-09-03,9,171
羅曼蒂克路：鄭華娟亂走亂逛亂畫旅行簿,鄭華娟,圓神,2001-08-27,9,207
創造人生歡喜的寓言,林清玄,圓神,2001-08-27,9,198
以戀人之名視覺系 愛情郵件—戀人慾vs購物慾,黃威融,圓神,2001-08-01,9,171
人間工廠,陳璐茜,圓神,2001-07-25,9,180
889488─讓家人滿臉斜線的天才爸爸日記,郜瑩,圓神,2001-07-02,9,171
High High 人生--閻驊的一千零一Yeah,閻驊,圓神,2001-07-02,9,171
高國華教你反敗為勝,高國華,圓神,2001-06-26,9,198
佛洛阿德之心理遊戲俱樂部,佛洛阿德,圓神,2001-06-26,9,171
受用一生的智慧,戴晨志,圓神,2001-06-26,9,207
五年級同學會,mimiko，greg，果子離，達爾文，漂浪，turtle,圓神,2001-05-31,9,180
兩個女生的悄悄話,Maggie‧Joe,圓神,2001-05-24,9,171
未竟之藍,黃寶蓮,圓神,2001-05-10,9,234
地久天長,李慧珍，子鶩,圓神,2001-05-10,9,189
捨不得就愛不了,楊明,圓神,2001-05-09,9,180
海洋之子劉寧生,"劉寧生,劉永毅",圓神,2001-05-03,9,198
薇言聳聽 哈啦英文-口語、俚語、流行語，輕鬆上口,徐薇,圓神,2001-04-03,9,225
我愛青春不老,黃麗穗,圓神,2001-03-26,9,198
黑森林的愛情樹,鄭華娟,圓神,2001-03-26,9,198
追尋人生美好的寓言,林清玄,圓神,2001-02-26,9,207
地球團團轉,阿Jun,圓神,2001-02-23,9,198
我比鋼琴還大,陳守祺,圓神,2001-02-23,9,171
阿金不怕火煉,謝麗金,圓神,2001-02-23,9,180
火車向後跑,動力火車、林玉,圓神,2001-02-23,9,180
愛是永不止息,冉亮,圓神,2001-02-15,9,180
這樣養育孩子最健康,姜淑惠,圓神,2001-01-20,9,234
所以，你也要活下去!,大平光代,圓神,2001-01-18,9,189
哈偶像學英文,袁永興,圓神,2001-01-15,9,171
堅持夢想就擁有希望─Job Hunter 義無反顧向前衝50招,呂如中,圓神,2001-01-15,9,189
女人要愛不要懂,小野,圓神,2001-01-01,9,198
愛在東京蔓延時,江中星,圓神,2001-01-01,9,171
用愛過生活,賴金波,圓神,2001-01-01,9,180
布魯塞爾的浮木,陳昇,圓神,2000-12-26,9,269
每天做聰明的選擇,曹又方,圓神,2000-11-24,9,180
一半和一半的戀愛,陳璐茜,圓神,2000-11-24,9,180
佛洛阿德vs.羊格之心理遊戲 101,佛洛阿德，羊格,圓神,2000-11-15,9,207
一生一會,吳英女,圓神,2000-10-24,9,180
茶味禪心,林清玄,圓神,2000-10-24,9,198
惡女修道院,彭樹君,圓神,2000-10-24,9,171
茶言觀色,林清玄,圓神,2000-10-24,9,180
愛回到最初,光禹,圓神,2000-10-24,9,198
嗑名牌,高祖寧,圓神,2000-10-01,9,225
走向黎明,台灣人權促進會編,圓神,2000-09-21,9,270
其實，快樂如影隨形,呂如中,圓神,2000-09-08,9,180
阿貴的生活連絡簿,春水堂,圓神,2000-09-02,9,144
為自己想往幸福走,楊明,圓神,2000-09-02,9,180
薇星連線新聞英文：看懂Time、聽懂CNN，掌握最新世界動態,徐薇,圓神,2000-09-02,9,225
思考帽和行動鞋：選擇你自己的人生答案,谷文瑞,圓神,2000-09-01,9,216
為萬事歡喜—人生的智慧,曹又方,圓神,2000-08-30,9,180
體會人生真味的寓言,林清玄,圓神,2000-07-27,9,198
漫步油桐花開的山林間,李敏勇,圓神,2000-07-05,9,198
比美國總統更有影響力的9個人,陳容香,圓神,2000-07-05,9,171
能相愛在世界末日之前,林慶昭,圓神,2000-07-05,9,207
彷彿看見藍色的海和帆,李敏勇,圓神,2000-07-01,9,198
不顧一切愛上你,黃子音,圓神,2000-07-01,9,189
Check It Out!──48個絕無冷場的Party遊戲,李傳薇,圓神,2000-07-01,9,180
薇Have Fun!娛樂英文,徐薇,圓神,2000-06-01,9,225
溫柔心就是天堂,范俊逸,圓神,2000-06-01,9,180
花錢少少，英文好好,鄭開來,圓神,2000-05-25,9,180
花內褲排排掛-鄭華娟的歐式家庭生活手記,鄭華娟,圓神,2000-05-25,9,198
玩性堅強-14位另類玩家的精采人生,潘恆旭,圓神,2000-04-26,9,171
媽，妳怪怪的哦!,郜瑩,圓神,2000-04-26,9,180
和你的故事相遇,陳璐莤,圓神,2000-04-26,9,198
第一次情感接觸-DJ、情人與他們的故事,聶雲,圓神,2000-04-26,9,162
點燃人生希望的寓言,林清玄,圓神,2000-04-26,9,198
機會只有3秒鐘,柴智屏,圓神,2000-04-01,9,198
愛的出口和缺口,楊明,圓神,2000-03-26,9,162
很自我，很自在-生活的藝術,曹又方,圓神,2000-03-26,9,207
Here薇Go!旅遊英文,徐薇,圓神,2000-03-01,9,225
在生命中的每一天,德桃癌症關懷文教基金會,圓神,2000-03-01,9,162
煩惱平息,林清玄,圓神,2000-03-01,9,180
身心安頓,林清玄,圓神,2000-03-01,9,216
這樣料理最健康,姜淑惠,圓神,2000-03-01,9,261
七里香,席慕蓉,圓神,2000-03-01,9,189
無怨的青春,席慕蓉,圓神,2000-03-01,9,189
探索人生方向的寓言,林清玄,圓神,2000-01-25,9,198
電子情師,王桓奇,圓神,2000-01-25,9,171
我的尼泊爾情人,胡依嘉,圓神,2000-01-25,9,198
大測大悟愛情魔法書,李傳薇,圓神,2000-01-01,9,162
做個可愛的女人,黃麗穗,圓神,2000-01-01,9,180
出發,鄭開來,圓神,2000-01-01,9,189
另一種清醒：我與憂鬱症共舞的日子,黃子音,圓神,1999-11-24,9,198
活得清醒愛得快樂,朱衣,圓神,1999-11-24,9,180
麥擱比呀SHOPPING英文(語言)—試穿、殺價、找東西，完全購物特輯!,徐薇,圓神,1999-11-24,9,225
溫馨廚房咖啡座,鄭華娟,圓神,1999-11-24,9,180
容許愛情犯點錯,呂如中,圓神,1999-11-09,9,198
突破人生困境的寓言,林清玄,圓神,1999-11-01,9,189
薇力四射英文運動會,徐薇,圓神,1999-10-01,9,225
真愛不死,朱衛茵,圓神,1999-10-01,9,162
學會放心和放手,楊明,圓神,1999-10-01,9,162
葉曼答客問,葉曼,圓神,1999-09-01,9,234
華裔網路英雄傳奇-有想法也能玩出一片天,鄧海珠,圓神,1999-09-01,9,180
亂髮-与謝野晶子短歌集,与謝野晶子,圓神,1999-09-01,9,171
淡定與積極,曹又方,圓神,1999-09-01,9,180
就醬子上網學英文,徐薇,圓神,1999-08-25,9,225
爸爸,金正賢,圓神,1999-08-08,9,270
瘦身就是如此簡單,李詠立,圓神,1999-08-05,9,162
美妙的自然傳說,蓋瑞．費古森,圓神,1999-08-04,9,189
不放過青春,光 禹,圓神,1999-07-15,9,180
寂寞帶我去散步,陳昇,圓神,1999-06-30,9,207
薇力十足食用英語,徐 薇,圓神,1999-06-29,9,225
死亡與童女之舞─胡因夢自傳,胡因夢,圓神,1999-06-27,9,270
戀愛，不是因為寂寞,井露,圓神,1999-06-01,9,171
紅12的祕密,鄭華娟,圓神,1999-06-01,9,162
這樣吃最健康,姜淑惠,圓神,1999-05-01,9,171
活在這個城市必須的快樂,楊曼芬,圓神,1999-05-01,9,180
YASMEEN的下午茶,YASMEEN,圓神,1999-05-01,9,234
每天都有好機會,鄭開來,圓神,1999-05-01,9,162
這樣生活最健康,姜淑惠,圓神,1999-05-01,9,171
幽默心看對錯,范俊逸,圓神,1999-05-01,9,180
徐薇最有笑英文遊戲書,徐薇,圓神,1999-04-01,9,198
遺落在遠方的愛,謝岱玲,圓神,1999-04-01,9,180
愛與不愛的證據─我參與的六個徵信社調查事件,郭美貞,圓神,1999-04-01,9,189
輕輕鬆鬆做自己—紐西蘭另類生活實驗,朱衣,圓神,1999-03-01,9,189
為真愛承諾,光禹,圓神,1999-02-01,9,180
飛越沙漠的河,林清玄,圓神,1999-01-01,9,171
如果男人好得有點笨……,李冠蓉,圓神,1999-01-01,9,162
頑皮天使有點壞,鄧海珠,圓神,1998-12-01,9,198
高僧名言︰100位名僧的智慧,金岡秀友,圓神,1998-11-15,9,207
唐安麒12星座體雕術,唐安麒,圓神,1998-11-01,9,180
香水婚紀念日,鄭華娟,圓神,1998-11-01,9,180
感情世界的性別差異,狄奧多‧芮克,圓神,1998-10-01,9,216
城市愛情冒險家,莊鎧壎,圓神,1998-10-01,9,171
越來越會愛,曹又方,圓神,1998-10-01,9,180
愛情的節奏藍調,林峰丕,圓神,1998-10-01,9,162
素樸生活,中野孝次,圓神,1998-09-01,9,189
鹹魚的滋味,陳昇,圓神,1998-08-01,9,234
在PUB尋找流浪的愛情,李俊東,圓神,1998-08-01,9,89
打烊時決定愛不愛你,井露,圓神,1998-08-01,9,89
唐安麒瘦身健美湯方,唐安麒,圓神,1998-07-01,9,162
快樂飛行,黃慧琳,圓神,1998-07-01,9,198
在勇氣邊緣,光禹,圓神,1998-07-01,9,180
生命中的龍捲風,林清玄,圓神,1998-06-15,9,198
青春捕手,石德華,圓神,1998-06-01,9,162
心靈的天梯,Noah BenShea,圓神,1998-06-01,9,225
我和我的夏家班 —超級經紀人夏玉順,夏玉順,圓神,1998-06-01,9,189
誰能比我更好笑,陳照雄,圓神,1998-05-01,9,171
讓自己變生活高手,曹又方,圓神,1998-05-01,9,180
愛情草,簡 捷,圓神,1998-05-01,9,216
笑倒在古人床上—談經典情色文學,曾陽晴,圓神,1998-05-01,9,180
原色愛情,郜 瑩,圓神,1998-05-01,9,162
超級旅行家,蔡詩萍等著,圓神,1998-05-01,9,180
我，十七歲,富邦文教基金會 策畫,圓神,1998-04-02,9,198
張雅琴SMART英語學習法—English Express 英語馬上通,張雅琴,圓神,1998-04-01,9,171
關於性的最高觀點—人，如何透過性提昇到最高境界,孟東籬等著,圓神,1998-03-01,9,189
放開自己好好愛,朱 衣,圓神,1998-03-01,9,162
會玩才會過生活,曹又方,圓神,1998-03-01,9,180
戀愛卜一卜,卜大中,圓神,1998-02-01,9,198
昨日的叛逆,光禹,圓神,1998-01-01,9,180
哈佛沒有教的事,褚士瑩,圓神,1998-01-01,9,180
矽谷傳奇(下)看誰稱霸科技王國,鄧海珠,圓神,1998-01-01,9,225
拉薩之旅,Alexandra David-Neel,圓神,1998-01-01,9,252
矽谷傳奇(上)看誰稱霸科技王國,鄧海珠,圓神,1998-01-01,9,225
贏別人也要超越自己—陳靜的金牌人生,陳靜口述 ．黃曼瑩著,圓神,1998-01-01,9,180
一個心理學家眼中的愛,Theodor Reik,圓神,1997-12-01,9,225
每個人都是自己的第一名,陳美儒,圓神,1997-12-01,9,162
生命中的不可不讀—影響16位名家的一部經,聖嚴法師等16位名家合著,圓神,1997-11-01,9,216
禪中學取人生,酒井大岳,圓神,1997-11-01,9,162
真情不設防,陳凱倫,圓神,1997-10-01,9,162
我們是讀這些書長大的,孫大偉等著,圓神,1997-10-01,9,171
拿聽診器的哲學家—名醫與生命的對話,林秋江 口述,圓神,1997-10-01,9,180
人生一定要精采,曹又方,圓神,1997-10-01,9,198
李崗陪你看電影,李 崗,圓神,1997-09-01,9,171
會吃會做有門道,梁瓊白,圓神,1997-09-01,9,180
換個跑道再起飛,許德英,圓神,1997-09-01,9,162
全力以赴魅力十足,雪柔,圓神,1997-08-15,9,171
明星上菜︰臺北最炫餐廳指南,岳豹,圓神,1997-08-15,9,162
名家星座愛情故事—12星座12種愛(下),褚士瑩 等著,圓神,1997-08-01,9,126
名家星座愛情故事—12星座12種愛(上),褚士瑩等著,圓神,1997-08-01,9,126
風速中的笑與淚,王惠珍,圓神,1997-07-15,9,171
給我熱情與正義︰一個新聞主播的堅持,吳恩文,圓神,1997-07-15,9,171
笑傲麻將桌,王士弘,圓神,1997-07-15,9,198
讓真愛照亮每一天,陶曉清,圓神,1997-07-15,9,171
辦公室EQ故事,尚秀芬,圓神,1997-07-01,9,162
愛要認真又好玩,褚士瑩,圓神,1997-07-01,9,162
寫給永恆的戀人,曹又方,圓神,1997-06-01,9,198
誰來教我愛,光禹,圓神,1997-06-01,9,180
寂寞快樂私生活,林峰丕,圓神,1997-05-15,9,162
人間通,谷澤永一,圓神,1997-05-15,9,162
把自由留給自己,柏一,圓神,1997-05-15,9,162
真正的愛,林清玄,圓神,1997-05-15,9,180
幽默男女,鄧海珠 文、林 哲 圖,圓神,1997-05-01,9,162
俊男美女三溫暖,阿嫚,圓神,1997-04-15,9,180
美麗一生有祕訣,曹金鈴,圓神,1997-03-15,9,171
讓你的生活NEW一下,蘇國書,圓神,1997-03-15,9,162
單身好不好,心岱,圓神,1997-03-15,9,171
愛情EQⅡ(全面加分版),曹又方,圓神,1997-03-01,9,198
給我一分鐘不想你,王中言,圓神,1997-02-15,9,162
給你一朵禪的花,孟東籬,圓神,1997-02-15,9,270
給你一枚禪的果,孟東籬,圓神,1997-02-15,9,270
勇於改變,光禹等著,圓神,1997-02-01,9,171
初戀24小時,陳樂融,圓神,1997-01-01,9,153
人生風景,李敏勇,圓神,1996-12-01,9,144
文化風景,李敏勇,圓神,1996-12-01,9,162
絕不輕言放棄：棒球的美好年代,吳祥木,圓神,1996-11-15,9,180
禪中學取經營心,松野宗純,圓神,1996-11-15,9,162
疼惜好生活,光禹,圓神,1996-11-01,9,162
為人民服務才怪,馮光遠、李巨源,圓神,1996-10-01,9,162
吃喝玩樂最善良,盧郁佳,圓神,1996-10-01,9,162
熱情老師天才學生,鄭貞銘,圓神,1996-09-15,9,162
菅芒花的春天─白冰冰的前半生,白冰冰口述 曹銘宗著,圓神,1996-07-01,9,180
21世紀新主管禪,松野宗純,圓神,1996-06-15,9,162
滿腔欲火學電腦,李巨源,圓神,1996-06-01,9,144
蹺課與飛鳥,馮光遠、翁健偉等著,圓神,1996-06-01,9,162
郊居歲月-新生活提案,張典婉,圓神,1996-05-31,9,162
禪門詩偈三百首(二),廖閱鵬,圓神,1996-05-15,9,225
禪門詩偈三百首(三),廖閱鵬,圓神,1996-05-15,9,225
禪門詩偈三百首(一),廖閱鵬,圓神,1996-05-15,9,225
幸福在我家園裡,松野宗純,圓神,1996-05-15,9,162
在悠閒與積極之間,板橋興宗，松野宗純,圓神,1996-05-15,9,162
很溫柔的一些事,石德華,圓神,1996-05-01,9,171
仰望自己的天空,陳美儒,圓神,1996-05-01,9,162
敢於與眾不同,張雅琴,圓神,1996-05-01,9,171
愛的轉播站,統一企業21世紀夢公園工作小組,圓神,1996-04-15,9,162
禪門語錄三百篇(三),廖閱鵬,圓神,1996-04-15,9,189
禪門語錄三百篇(一),廖閱鵬,圓神,1996-04-15,9,189
禪門語錄三百篇(二),廖閱鵬,圓神,1996-04-15,9,189
愛情女子聯盟,曹又方,圓神,1996-04-01,9,216
小女子茶店,楊曼芬,圓神,1996-04-01,9,162
學習.成長.我的夢,王再得DAVID WANG,圓神,1996-04-01,9,171
戀戀愛與愁,林峰丕,圓神,1996-03-01,9,171
柔軟心無掛礙,林清玄,圓神,1996-02-15,9,162
人間素美,孟東籬,圓神,1996-01-01,9,162
追求一個生命的答案,林清玄等著,圓神,1995-12-01,9,180
做個快樂遊俠,謝佳勳,圓神,1995-10-01,9,180
跨越生命逆境的智慧,魏玉梅,圓神,1995-09-15,9,171
天天有智慧,光禹,圓神,1995-09-01,9,162
全方位個人公關,Anne Naylor,圓神,1995-09-01,9,162
青春的心有話要說,陳美儒,圓神,1995-09-01,9,162
性的人間,大江健三郎,圓神,1995-07-01,9,180
田裡爬行的滋味,余玉照,圓神,1995-07-01,9,162
佛國之旅,聖嚴法師,圓神,1995-06-15,9,162
春夏秋冬,聖嚴法師,圓神,1995-03-15,9,180
心情快遞,林峰丕,圓神,1995-01-01,9,135
東西南北,聖嚴法師,圓神,1994-12-15,9,180
平常心有情味,林清玄,圓神,1994-11-15,9,162
做個頂尖遊客,謝佳勳,圓神,1994-10-01,9,162
親愛酷爸爸,光 禹,圓神,1994-10-01,9,153
典藏青春與愛,石德華,圓神,1994-08-01,9,153
活出你要的成功,Anne Naylor,圓神,1994-08-01,9,180
生命使用說明書,黃友玲,圓神,1994-08-01,9,144
一起面對生與死,山崎章郎,圓神,1994-06-01,9,180
金山有礦,聖嚴法師,圓神,1994-05-15,9,153
蓮花福田,王靜蓉,圓神,1994-05-15,9,162
叫父親太沉重(上)(下)不分售,艾 蓓,圓神,1994-05-01,9,450
行雲流水,聖嚴法師,圓神,1994-04-15,9,162
學佛與行醫,王靜蓉,圓神,1994-02-15,9,126
火宅清涼,聖嚴法師,圓神,1993-12-15,9,207
歸程,聖嚴法師,圓神,1993-11-15,9,171
法源血源,聖嚴法師,圓神,1993-11-15,9,135
媽咪小太陽,光 禹,圓神,1993-11-01,9,144
不愛則已,范傳硯、黃榮輝,圓神,1993-08-01,9,135
一愛就會傷心,范傳硯、黃榮輝,圓神,1993-08-01,9,135
生命的對話,Noah BenShea,圓神,1993-07-01,9,126
校外有藍天,石德華,圓神,1993-07-01,9,135
歡喜心過生活,林清玄,圓神,1993-06-15,9,171
學佛知津,聖嚴法師,圓神,1993-01-15,9,153
摩登男子,曹又方,圓神,1992-12-01,9,108
生活的清涼︰人生禪(二),方杞,圓神,1992-11-15,9,180
白衣與大士,佛教醫事人員聯合會,圓神,1992-11-15,9,126
生命的晴空︰人生禪(一),方杞,圓神,1992-11-15,9,180
開悟的人生,"傅佩荣,曹又方,林清玄",圓神,1992-10-15,9,162
以有情覺有情,林清玄,圓神,1992-07-15,9,162
葉曼講般若心經,葉曼,圓神,1992-06-15,9,144
追求圓滿的人生,"Ph. D.,William J. Reilly",圓神,1992-06-01,9,117
淨土寶典,廖閱鵬,圓神,1992-05-15,9,126
淨土文鈔,廖閱鵬,圓神,1992-05-15,9,180
淨土聖賢,廖閱鵬,圓神,1992-05-15,9,144
星雲大師開示語(二),星雲大師,圓神,1992-04-15,9,126
星雲大師開示語(一),星雲大師,圓神,1992-03-15,9,126
葉曼拈花,葉曼,圓神,1992-01-15,9,144
清淨心看世界,林清玄,圓神,1992-01-15,9,144
在蒼茫中點燈,林清玄,圓神,1991-10-15,9,135
禪門驪珠,聖嚴法師,圓神,1991-09-15,9,225
禪門修證,聖嚴法師,圓神,1991-09-15,9,135
藍珍珠,曹又方,圓神,1991-02-01,9,144
七情,曹又方,圓神,1990-04-01,9,108
日安.我的愛,陳樂融,圓神,1989-01-01,9,153
我們只有一個台灣—反污染、生態保育與環境運動,蕭新煌,圓神,1987-09-01,9,162
旅途—撫慰心靈的詩,李敏勇 編選,圓神,1987-03-01,9,90
憧憬—撫慰心靈的詩,李敏勇 編選,圓神,1987-03-01,9,90
